video,avg_flickering,avg_blockiness,avg_letterBox,avg_pillarBox,avg_blockloss,avg_blur,avg_blackout,avg_freezing,avg_exposure,avg_contrast,avg_interlace,avg_noise,avg_slices,avg_si,avg_ti
1Runner_1_p1_2160_30fps_a.yuv,0.125,0.95912,0.0,0.0,1.51909,12.64523,0.0,0.0,117.07821,49.14834,0.0,1.58915,16.1377,0.1348877586914738,0.11078492231196002
1Runner_1_p1_2160_30fps_c.yuv,0.54049,0.85991,0.0,0.0,2.56941,8.22764,0.0,0.0,117.78771,48.60052,0.00464,0.42674,21.29441,0.14495051707558818,0.10483056531278703
1Runner_1_p1_2160_30fps_d.yuv,0.14773,0.91384,0.0,0.0,0.23897,5.46455,0.0,0.06704,115.93855,49.26892,0.00355,3.10704,15.78993,0.1626364456749673,0.10313629245253139
1Runner_1_p1_2160_30fps_f.yuv,0.38639,0.89922,0.0,0.0,0.93217,8.49337,0.0,0.0,116.98324,49.08545,0.00393,0.95739,16.88804,0.16066707373966127,0.11029411000683781
1Runner_1_p1_2160_30fps_i.yuv,0.125,0.97701,0.0,0.0,44.35019,5.97939,0.0,0.0,115.39326,49.30335,1.3572,3.5238,15.6324,0.15929853609615127,0.11330430088440166
1Runner_1_p1_2160_30fps_j.yuv,0.45536,0.97028,0.0,0.0,8.95264,5.66396,0.0,0.0,117.07143,49.27719,0.31993,3.15338,17.43747,0.1619170183245069,0.085014799326836
1Runner_1_p1_2160_30fps_o.yuv,0.125,0.97116,0.0,0.0,0.24851,5.58272,0.0,0.0,118.36872,49.30578,0.00633,2.97239,18.22974,0.16286742256344364,0.11278199589615034
1Runner_1_p2_2160_30fps_a.yuv,0.125,0.96432,0.0,0.0,0.95438,14.68475,0.0,0.0,117.94413,52.78777,0.0,1.4901,17.1652,0.14345414581496332,0.1363559421421821
1Runner_1_p2_2160_30fps_c.yuv,0.45951,0.86866,0.0,0.0,1.58813,9.64507,0.0,0.0,118.06145,52.33249,0.00533,0.52169,22.97874,0.16227665453050102,0.13337810816061502
1Runner_1_p2_2160_30fps_d.yuv,0.14205,0.88713,0.0,0.0,0.13212,6.31421,0.0,0.11732,115.24581,52.82487,0.00443,3.00488,15.20551,0.17176316240890716,0.11887675710725919
1Runner_1_p2_2160_30fps_f.yuv,0.2215,0.90524,0.0,0.0,0.46345,10.59378,0.0,0.0,117.4581,52.82084,0.0045,0.68706,18.98645,0.17498210787843235,0.13678494661572183
1Runner_1_p2_2160_30fps_i.yuv,0.125,0.98992,0.0,0.0,47.73844,6.76015,0.0,0.0,114.41011,52.93228,1.59194,3.3278,16.1379,0.16991178241072585,0.13854466871004392
1Runner_1_p2_2160_30fps_j.yuv,0.45536,0.9691,0.0,0.0,9.08296,6.355,0.0,0.0,117.39286,52.97022,0.36676,2.88786,17.91897,0.171772757245673,0.10267472606401426
1Runner_1_p2_2160_30fps_o.yuv,0.125,0.9715,0.0,0.0,0.12919,6.27112,0.0,0.0,119.03911,52.94066,0.00696,2.71935,18.78164,0.1723798149378068,0.13789687715364904
1Runner__2160_30fps_a.yuv,0.125,0.9635,0.0,0.0,0.83122,13.08416,0.0,0.0,117.52153,45.24039,0.0,0.76059,17.882,0.13687252342732364,0.10093029044429225
1Runner__2160_30fps_c.yuv,0.19354,0.96425,0.0,0.0,0.53457,10.52673,0.0,0.0,118.28708,45.29816,0.00504,0.54336,21.73073,0.17116012073384312,0.101544965033948
1Runner__2160_30fps_d.yuv,0.15385,0.8767,0.0,0.0,0.14055,5.92015,0.0,0.01435,114.19617,45.38624,0.0038,2.04893,14.07831,0.16927116947987414,0.09863300942357947
1Runner__2160_30fps_f.yuv,0.38222,0.90883,0.0,0.0,0.48301,9.72783,0.0,0.0,116.60766,45.24594,0.00521,0.57227,19.72562,0.16983012301936423,0.10124543509789821
1Runner__2160_30fps_i.yuv,0.125,0.99846,0.0,0.0,47.41999,6.39075,0.0,0.0,114.74038,45.37914,1.44122,2.35976,14.97745,0.16776066533101217,0.1030079047526553
1Runner__2160_30fps_j.yuv,0.44922,0.96193,0.0,0.0,9.11236,5.90832,0.0,0.0,116.72031,45.37867,0.33409,2.06997,16.0782,0.16950129770082897,0.07666681013963307
1Runner__2160_30fps_o.yuv,0.125,0.96441,0.0,0.0,0.15108,5.79471,0.0,0.0,118.21053,45.37673,0.00554,1.98185,16.84243,0.17001858910971063,0.10269752030024004
2Runners__2160_30fps_a.yuv,0.125,0.97093,0.0,0.0,0.45853,16.61578,0.0,0.0,122.85646,51.26013,0.0,1.48094,46.81933,0.1362943112714555,0.11249452744986405
2Runners__2160_30fps_c.yuv,0.12513,0.92328,0.0,0.0,0.10439,6.88621,0.0,0.0,124.26316,51.3504,0.00963,2.36925,52.2206,0.157353279328738,0.11362575193249128
2Runners__2160_30fps_d.yuv,0.13942,0.90801,0.0,0.0,0.09446,6.67492,0.0,0.05742,121.70335,51.37916,0.00254,2.53798,59.6328,0.15726487661239388,0.10377403371178041
2Runners__2160_30fps_f.yuv,0.38664,0.87508,0.0,1e-05,0.40905,10.94756,0.0,0.0,122.77033,51.25874,0.00338,0.62901,58.39754,0.15604177574053427,0.1118719826751854
2Runners__2160_30fps_i.yuv,0.125,1.05853,0.0,0.0,60.2268,7.30052,0.0,0.0,122.44231,51.37134,1.70639,3.55318,48.94815,0.15597328883479553,0.11367463434595723
2Runners__2160_30fps_j.yuv,0.44922,0.95697,0.0,0.0,12.04738,6.74627,0.0,0.0,123.16858,51.35969,0.37787,2.71391,51.0702,0.15726840559760064,0.08463766792122948
2Runners__2160_30fps_o.yuv,0.125,0.97404,0.0,0.0,0.09928,6.68433,0.0,0.0,124.25837,51.34755,0.00451,2.4067,52.42895,0.15745094406507623,0.11363293677917925
3Runners_male__2160_30fps_a.yuv,0.12502,0.96774,0.0,0.0,0.43712,16.35787,0.0,0.0,123.07177,49.31065,0.0,1.47352,43.36307,0.12793294823772358,0.11677071081378868
3Runners_male__2160_30fps_c.yuv,0.60495,0.8138,0.0,0.0,2.2679,9.36565,0.0,0.0,124.05742,48.64262,0.00529,0.39022,111.28499,0.13329034061412384,0.11093488758094407
3Runners_male__2160_30fps_d.yuv,0.13469,0.88347,0.0,0.0,0.07061,6.38926,0.0,0.10048,120.79426,49.38406,0.00297,2.55163,38.71644,0.14747721195929747,0.10302008562741666
3Runners_male__2160_30fps_f.yuv,0.14264,0.8954,0.0,0.0,0.29617,11.55556,0.0,0.0,123.02871,49.38304,0.00263,0.77102,53.55917,0.14966865898283213,0.11710212911105816
3Runners_male__2160_30fps_i.yuv,0.12509,1.04994,0.0,0.0,57.92664,6.79826,0.0,0.0,120.53846,49.43855,1.89109,3.4634,44.53567,0.1455771919349768,0.11816528461054861
3Runners_male__2160_30fps_j.yuv,0.44925,0.9538,0.0,0.0,11.69754,6.3477,0.0,0.0,123.31034,49.41925,0.40801,2.61815,46.169,0.14702519363495706,0.0875517194010901
3Runners_male__2160_30fps_o.yuv,0.1251,0.97222,0.0,0.0,0.08485,6.33838,0.0,0.0,124.6555,49.41906,0.00447,2.28398,49.66236,0.1473017953576371,0.117931579146658
Basketball_0_1080_30fps_p.yuv,0.45352,0.90599,0.0,0.0,10.98931,8.53755,0.0,0.0,123.41148,56.28558,0.00093,1.57608,6.43919,0.2045140958002889,0.0675110919290912
Basketball_10_1080_30fps_p.yuv,0.37158,0.92034,0.0,0.0,9.58377,9.63085,0.0,0.0,123.47847,54.12082,0.00113,1.45683,7.2188,0.1761508656016226,0.11049133654379933
Basketball_11_1080_30fps_p.yuv,0.38139,0.81888,0.0,0.0,12.7691,10.41122,0.0,0.0,124.0,36.46777,0.0004,0.92511,4.16886,0.1279367276082447,0.07264870040288288
Basketball_1_1080_30fps_p.yuv,0.41344,0.91127,0.0,0.0,10.79553,8.781,0.0,0.0,123.16746,57.05359,0.00076,1.44335,6.37386,0.20111829838326842,0.08158580700455467
Basketball_2_1080_30fps_p.yuv,0.33988,0.93564,0.0,0.0,9.90363,9.95355,0.0,0.0,123.38756,54.01193,0.00096,1.56813,6.52932,0.18187147945720838,0.12364292448941222
Basketball_3_1080_30fps_p.yuv,0.43448,0.89282,0.0,0.0,11.25917,8.51745,0.0,0.0,123.4689,53.12746,0.00081,1.52713,5.44246,0.19350940331166971,0.07444768197151988
Basketball_4_1080_30fps_p.yuv,0.45103,0.90357,0.0,0.0,12.62671,8.79279,0.0,0.0,123.80383,51.52449,0.00077,0.89962,4.24223,0.1798474327984679,0.1076864991652086
Basketball_5_1080_30fps_p.yuv,0.38732,0.93081,0.0,0.0,10.61946,9.31422,0.0,0.0,123.20574,52.80808,0.00098,1.61382,6.95946,0.18873634022003563,0.10770520453965339
Basketball_6_1080_30fps_p.yuv,0.44015,0.91032,0.0,0.0,11.06575,8.64201,0.0,0.0,123.311,54.35042,0.00096,1.46829,5.21033,0.1968160442460697,0.08276558968332556
Basketball_7_1080_30fps_p.yuv,0.40603,0.90999,0.0,0.0,10.48856,9.04033,0.0,0.0,123.66029,55.41124,0.00082,1.41598,5.80156,0.18784937225225956,0.09197505747328655
Basketball_8_1080_30fps_p.yuv,0.38224,0.91565,0.0,0.0,10.48975,9.52057,0.0,0.0,123.2823,53.95591,0.00097,1.40724,6.51043,0.17943500859154968,0.10639649091325575
Basketball_9_1080_30fps_p.yuv,0.35755,0.93068,0.0,0.0,10.29191,10.06016,0.0,0.0,123.39234,54.41475,0.00087,1.56526,6.20539,0.1784412583421862,0.11948288829671432
bbpointp1_1080_25fps_a.yuv,0.125,0.97745,0.0,0.0,29.68881,14.52837,0.0,0.0,106.04721,32.65553,1e-05,0.4114,2.62797,0.075182324020807,0.02364805525435542
bbpointp1_1080_25fps_c.yuv,0.72932,0.95244,0.0,0.0,5.66524,9.64973,0.0,0.0,106.94421,32.39737,4e-05,0.42482,3.23354,0.10367572730611421,0.020889893494638087
bbpointp1_1080_25fps_d.yuv,0.14224,0.79971,0.0,0.0,2.79474,7.57139,0.0,0.01288,102.18026,32.66849,0.00029,1.36936,2.55062,0.11247621541384371,0.023947339107531482
bbpointp1_1080_25fps_f.yuv,0.68937,0.95001,0.0,0.0,4.53344,9.0175,0.0,0.0,105.09871,32.55584,6e-05,0.44706,3.32724,0.10789941022894957,0.023050664721722344
bbpointp1_1080_25fps_i.yuv,0.125,0.80747,0.0,0.0,2.71588,7.837,0.0,0.0,104.97845,32.72644,0.00305,1.3507,2.62731,0.12463075390224981,0.022750686094278164
bbpointp1_1080_25fps_j.yuv,0.45139,0.82255,0.0,0.0,2.80026,7.82219,0.0,0.0,106.31271,32.79825,0.00145,1.33661,2.62503,0.11911934346297409,0.018858300660957172
bbpointp1_1080_25fps_o.yuv,0.125,0.86382,0.0,0.0,2.97582,7.81138,0.0,0.0,106.24893,32.81935,0.00027,1.31758,2.65015,0.11402359927061416,0.02431405053543
bbpointp2_1080_25fps_a.yuv,0.125,0.97149,0.0,0.0,24.95889,15.62058,0.0,0.0,101.90431,31.67079,1e-05,0.41166,2.83918,0.06885739882046658,0.03724450385245253
bbpointp2_1080_25fps_c.yuv,0.69111,0.95202,0.0,0.0,2.18349,9.23807,0.0,0.0,102.21053,31.71379,4e-05,0.4479,3.81775,0.10326895501361544,0.03602225660904952
bbpointp2_1080_25fps_d.yuv,0.13942,0.76982,0.0,0.0,1.40459,8.00658,0.0,0.05742,99.60766,31.74656,0.00041,1.38264,2.78709,0.1031535389360129,0.03549987798293118
bbpointp2_1080_25fps_f.yuv,0.69968,0.93236,0.0,0.0,3.49944,10.31143,0.0,0.0,100.63636,31.3944,0.0001,0.39621,3.59698,0.09574576872751499,0.03644148601161523
bbpointp2_1080_25fps_i.yuv,0.125,0.68453,0.0,0.0,0.9778,8.33688,0.0,0.0,99.89423,31.58437,0.00698,1.3549,2.85529,0.1374180832403298,0.03373712877222403
bbpointp2_1080_25fps_j.yuv,0.44922,0.78955,0.0,0.0,1.30993,8.36722,0.0,0.0,101.89655,31.73636,0.00252,1.33558,2.84266,0.11601249639967644,0.02858026211210999
bbpointp2_1080_25fps_o.yuv,0.125,0.85451,0.0,0.0,1.52241,8.39046,0.0,0.0,102.22488,31.80535,0.00029,1.31758,2.87793,0.10396118619228173,0.037691086845255184
crowdgreenp1_1080_25fps_a.yuv,0.1256,1.01247,0.0,0.0,17.63683,15.86975,0.0,0.0,125.0,42.2233,1e-05,1.09521,1.18155,0.0800311729877477,0.03277368454610181
crowdgreenp1_1080_25fps_c.yuv,0.12607,0.86951,0.0,0.0,2.28429,9.59545,0.0,0.0,125.0,42.38903,0.00114,1.76119,1.1394,0.1093107606393845,0.03350582336373586
crowdgreenp1_1080_25fps_d.yuv,0.14387,0.83328,0.0,0.0,2.06643,9.14463,0.0,0.12069,122.0,42.28184,0.00084,2.38921,1.13417,0.10975040417054022,0.029627754080607808
crowdgreenp1_1080_25fps_f.yuv,0.50414,0.98219,0.0,0.0,4.27284,10.46786,0.0,0.0,124.0,42.19437,8e-05,0.49811,1.31409,0.10882190018153678,0.030754427304390965
crowdgreenp1_1080_25fps_i.yuv,0.12584,0.79552,0.0,0.0,1.4473,9.56216,0.0,0.0,124.0,42.29039,0.01186,1.84256,1.13637,0.1280081509740559,0.031634547072624725
crowdgreenp1_1080_25fps_j.yuv,0.44952,0.83798,0.0,0.0,2.18238,9.54957,0.0,0.0,125.0,42.37583,0.00486,1.78069,1.13991,0.11367491167226453,0.023710105017926357
crowdgreenp1_1080_25fps_o.yuv,0.12623,0.8637,0.0,0.0,2.2558,9.54528,0.0,0.0,125.0,42.39376,0.00131,1.76254,1.14153,0.1095396036150536,0.03362301284280829
crowdgreenp2_1080_25fps_a.yuv,0.12661,1.01186,0.0,0.0,18.61006,16.07009,0.0,0.0,125.0,42.52456,1e-05,1.09508,1.19014,0.07730625014653036,0.03826694822228207
crowdgreenp2_1080_25fps_c.yuv,0.67257,0.97171,0.0,0.0,8.15048,11.21644,0.0,0.0,124.99425,41.76911,0.00011,0.43465,1.64974,0.09012441536126511,0.03237301552957411
crowdgreenp2_1080_25fps_d.yuv,0.14499,0.83047,0.0,0.0,2.10757,9.29206,0.0,0.01724,122.0,42.57313,0.00085,2.37969,1.14836,0.10510369091199219,0.03812197251560966
crowdgreenp2_1080_25fps_f.yuv,0.50834,0.97264,0.0,0.0,5.22222,10.73719,0.0,0.0,123.98276,42.36081,9e-05,0.48571,1.44701,0.10159502649335611,0.03679263937488286
crowdgreenp2_1080_25fps_i.yuv,0.12681,0.74937,0.0,0.0,1.23213,9.75044,0.0,0.0,124.0,42.55489,0.01485,1.94343,1.15684,0.1323501034834951,0.03670980351580637
crowdgreenp2_1080_25fps_j.yuv,0.44973,0.82574,0.0,0.0,2.15702,9.7055,0.0,0.0,125.0,42.66306,0.00638,1.85414,1.1578,0.11091478217590577,0.02761939134237444
crowdgreenp2_1080_25fps_o.yuv,0.12729,0.86133,0.0,0.0,2.3181,9.69677,0.0,0.0,125.0,42.69163,0.00132,1.79429,1.16039,0.10482540074421279,0.03924648725128814
csrc11_1080_30fps_a.yuv,0.41869,1.0185,0.0,0.0,20.42915,15.18271,0.0,0.0,124.01435,42.36638,1e-05,1.09117,1.13458,0.08666386377703815,0.034544284046426156
csrc11_1080_30fps_c.yuv,0.69953,0.98641,0.0,0.0,8.17002,10.18985,0.0,0.0,124.7512,41.94879,8e-05,0.44269,1.29963,0.11111772394231031,0.03256274056452542
csrc11_1080_30fps_d.yuv,0.36644,0.84707,0.0,0.0,2.80419,8.82075,0.0,0.04306,122.00957,42.57301,0.00071,1.79332,1.11848,0.11907965183802935,0.03408456225902636
csrc11_1080_30fps_f.yuv,0.70822,0.97747,0.0,0.0,6.97891,10.352,0.0,0.0,123.74641,41.90301,0.00011,0.46994,1.20188,0.11066037697944607,0.034295151320334186
csrc11_1080_30fps_i.yuv,0.12716,0.75663,0.0,0.0,2.34095,9.11365,0.0,0.0,123.0,42.43895,0.01946,1.77461,1.11813,0.14410726269987106,0.03509708807990146
csrc11_1080_30fps_j.yuv,0.52378,0.83643,0.0,0.0,2.71718,9.15452,0.0,0.0,124.1341,42.54884,0.00658,1.738,1.12367,0.12942107083986543,0.028292517865418528
csrc11_1080_30fps_o.yuv,0.41909,0.88718,0.0,0.0,2.96866,9.14777,0.0,0.0,124.19617,42.59259,0.00108,1.72318,1.12409,0.11904582280204691,0.035479841684903084
Discus_1__2160_30fps_a.yuv,0.41579,0.96677,0.0,0.0,4.23546,9.53368,0.0,0.0,118.54043,44.28722,0.0,0.29636,2.85642,0.09370244084208525,0.03869432437911894
Discus_1__2160_30fps_c.yuv,0.60743,1.05058,0.0,0.0,1.68425,8.10152,0.0,0.0,120.26809,44.36492,0.00016,0.35048,2.99681,0.10595149458392718,0.038579422850771324
Discus_1__2160_30fps_d.yuv,0.13841,0.85954,0.0,0.0,1.02511,7.2342,0.0,0.08511,115.78298,44.30884,0.00196,0.86351,2.68955,0.10565525791888573,0.034859634091744716
Discus_1__2160_30fps_f.yuv,0.69558,1.02881,0.0,0.0,1.9316,7.98326,0.0,0.0,118.75319,44.33238,0.00027,0.36913,3.0633,0.10381396174713656,0.03892577782501994
Discus_1__2160_30fps_i.yuv,0.12504,1.00606,0.0,0.0,32.13907,7.57599,0.0,0.0,118.68803,44.39771,0.24496,0.76281,2.68379,0.1038604292767729,0.03935521352504928
Discus_1__2160_30fps_j.yuv,0.45681,0.9359,0.0,0.0,8.65567,7.56221,0.0,0.0,119.0102,44.37739,0.06983,0.78084,2.69541,0.10587615171472091,0.030328324066257746
Discus_1__2160_30fps_o.yuv,0.125,0.95877,0.0,0.0,1.21571,7.61777,0.0,0.0,119.94043,44.41323,0.00653,0.48108,2.76618,0.1067955358299113,0.039214995221010435
Discus_male__2160_30fps_a.yuv,0.41495,0.97123,0.0,0.0,3.37687,9.28405,0.0,0.0,116.66986,43.43071,0.0,0.29542,3.55199,0.09025446684428157,0.04718877232840713
Discus_male__2160_30fps_c.yuv,0.64932,0.94103,0.0,0.0,0.80518,7.5645,0.0,0.0,118.17703,43.54548,0.01572,0.53698,3.38044,0.10325192421088758,0.04793106134726493
Discus_male__2160_30fps_d.yuv,0.14478,0.86555,0.0,0.0,0.6236,6.97267,0.0,0.01435,114.10526,43.50822,0.00212,0.85466,3.17242,0.10220462444505703,0.04629948151919485
Discus_male__2160_30fps_f.yuv,0.69987,1.0046,0.0,0.0,1.45949,7.85175,0.0,0.0,117.08134,43.39377,0.00035,0.34381,4.16178,0.09806844596888514,0.04747105616378615
Discus_male__2160_30fps_i.yuv,0.12506,1.03469,0.0,0.0,30.91238,7.305,0.0,0.0,117.31731,43.52984,0.48923,0.75419,3.31648,0.09825504110823716,0.04813349296604385
Discus_male__2160_30fps_j.yuv,0.45359,0.93656,0.0,0.0,7.24722,7.25919,0.0,0.0,117.21073,43.51555,0.11893,0.69997,3.33501,0.1020884065699745,0.03731112453148384
Discus_male__2160_30fps_o.yuv,0.125,0.96049,0.0,0.0,0.7364,7.34236,0.0,0.0,118.03349,43.53308,0.00642,0.48216,3.37959,0.1034808732684221,0.04801661620398313
Flips_2__2160_30fps_a.yuv,0.125,0.94896,0.0,0.0,0.45482,8.32294,0.0,0.0,121.63636,38.35901,0.0,2.5755,26.37197,0.20145557731259106,0.07092793467509602
Flips_2__2160_30fps_c.yuv,0.47319,0.98339,0.0,0.0,0.59725,5.67118,0.0,0.0,123.92823,37.85638,0.00669,1.02726,49.79254,0.23612265355465642,0.06650564870948597
Flips_2__2160_30fps_d.yuv,0.12981,0.94732,0.0,0.0,0.06563,4.26809,0.0,0.10048,119.06699,38.87012,0.00244,3.38124,24.25212,0.24290485408988077,0.06428143567650425
Flips_2__2160_30fps_f.yuv,0.29799,1.01714,0.0,0.0,0.18935,5.41067,0.0,0.0,121.92823,38.70189,0.00406,1.59392,28.0669,0.24666560719259492,0.07231367157945398
Flips_2__2160_30fps_i.yuv,0.125,1.08377,0.0,0.0,32.93269,4.5137,0.0,0.0,121.07212,38.8796,0.78442,3.57597,22.01984,0.24051642440264365,0.07524085489625089
Flips_2__2160_30fps_j.yuv,0.44922,0.98083,0.0,0.0,8.13263,4.3988,0.0,0.0,122.19923,38.88269,0.18415,3.2786,22.41126,0.2429811890016818,0.057153343764678656
Flips_2__2160_30fps_o.yuv,0.125,0.98649,0.0,0.0,0.07372,4.39816,0.0,0.0,123.33014,38.88091,0.00341,3.19152,23.0316,0.24332202877537873,0.07498901342164334
football1_1080_23fps_p.yuv,0.18915,0.88212,0.0,0.0,4.71412,8.31078,0.0,0.0,124.97605,43.46636,0.00023,0.65717,2.98822,0.14705827480536118,0.09048188802980404
football2_1080_23fps_p.yuv,0.17831,0.87004,0.0,0.0,9.57345,13.99587,0.0,0.0,124.64072,52.23597,0.00013,0.70144,1.83533,0.08907003309944844,0.11138258467642982
football3_1080_23fps_p.yuv,0.12515,0.85668,0.0,0.0,14.81038,14.34326,0.0,0.0,125.38922,38.24554,0.00024,0.82766,6.83654,0.06749803818474434,0.14779353709231297
football4_1080_23fps_p.yuv,0.13001,0.88066,0.0,0.0,5.23144,14.14305,0.0,0.0,124.98204,58.10528,8e-05,2.50043,1.61479,0.07653966069252005,0.15909812448929225
football5_1080_23fps_p.yuv,0.20287,0.87556,0.0,0.0,1.17923,7.98543,0.0,0.0,121.61257,45.23853,9e-05,3.02066,1.67275,0.09422292765109841,0.11231328722458299
football6_1080_23fps_p.yuv,0.15392,0.8386,0.0,0.0,8.37206,14.02098,0.0,0.0,123.93684,45.56756,5e-05,1.50928,4.82791,0.05122855614031666,0.1309263012979161
football7_1080_23fps_p.yuv,0.13107,0.85146,0.0,0.0,4.38939,11.88741,0.0,0.0,125.14211,39.88878,8e-05,2.74721,3.76187,0.06312433242781955,0.11108150870716135
football8_1080_23fps_p.yuv,0.2495,0.91873,0.0,0.0,3.72096,9.3955,0.0,0.0,120.41317,41.68394,3e-05,1.44271,1.64055,0.0930642631693542,0.04707341555710016
Football_2160_30fps_a.yuv,0.12598,0.94786,0.0,0.0,2.12204,10.24725,0.0,0.0,125.28436,37.71268,0.0,2.57924,2.72867,0.10175612168726132,0.10546350835425451
Football_2160_30fps_c.yuv,0.18064,0.92733,0.0,0.0,0.48953,7.73952,0.0,0.0,127.62559,37.82512,0.00048,2.74458,2.87424,0.12546066869646605,0.10619838363224028
Football_2160_30fps_d.yuv,0.15034,0.8022,0.0,0.0,0.30288,7.308,0.0,0.01422,122.89573,37.85236,0.00138,3.27906,2.49414,0.12730241334897277,0.10197832736230095
Football_2160_30fps_f.yuv,0.28998,0.87269,0.0,0.0,0.55904,7.56749,0.0,0.0,125.63507,37.70244,0.00102,2.27184,2.70586,0.12234158084547109,0.10495648491834467
Football_2160_30fps_i.yuv,0.12541,0.99361,0.0,0.0,48.00484,8.08957,0.0,0.0,126.87143,37.89054,2.15366,4.50229,2.50876,0.11809886116593182,0.10730765880385891
Football_2160_30fps_j.yuv,0.4499,0.92721,0.0,0.0,9.33951,7.829,0.0,0.0,126.80989,37.92716,0.45936,3.56021,2.67438,0.12585079638680344,0.0797107718856763
Football_2160_30fps_o.yuv,0.13153,0.94535,0.0,0.0,0.37658,7.81032,0.0,0.0,127.46445,37.89139,0.00499,3.2136,2.75176,0.12781247913109095,0.10709227029334042
Hammer__2160_30fps_a.yuv,0.12501,0.92952,0.0,0.0,1.52169,6.53072,0.0,0.0,125.36364,44.0949,0.0,0.45676,3.0412,0.1557547311964444,0.047553589049930636
Hammer__2160_30fps_c.yuv,0.14322,0.93993,0.0,0.0,0.15805,3.87107,0.0,0.0,127.02392,44.65013,0.00374,0.98236,3.23166,0.22392172893747683,0.052834239023491186
Hammer__2160_30fps_d.yuv,0.13462,0.92191,0.0,0.0,0.14597,3.75938,0.0,0.05742,124.04306,44.56819,0.00116,1.76023,3.03057,0.2235461590030175,0.04927053469896178
Hammer__2160_30fps_f.yuv,0.68155,0.9847,0.0,0.0,0.6124,4.48989,0.0,0.0,125.50239,44.11992,0.0014,0.44137,5.06055,0.19734365305742335,0.05020136660437714
Hammer__2160_30fps_i.yuv,0.125,0.97672,0.0,0.0,19.14575,3.84967,0.0,0.0,125.63462,44.59814,0.32944,1.2765,3.20717,0.21535103342026496,0.05311206757688951
Hammer__2160_30fps_j.yuv,0.44922,0.96041,0.0,0.0,4.88193,3.83868,0.0,0.0,126.00766,44.61043,0.08922,1.08058,3.22217,0.22180777651781455,0.041426222913227624
Hammer__2160_30fps_o.yuv,0.125,0.9565,0.0,0.0,0.15582,3.85541,0.0,0.0,126.89952,44.64754,0.00202,0.98976,3.29409,0.22427514595791348,0.052992154319555576
Hurdles_2__2160_30fps_a.yuv,0.125,0.94648,0.0,0.0,10.37974,14.0368,0.0,0.0,120.15789,48.27577,0.0,1.27446,6.81459,0.06769611373814037,0.06768904391684546
Hurdles_2__2160_30fps_c.yuv,0.71804,0.83417,0.0,0.0,13.5498,10.95017,0.0,0.0,119.36364,48.13421,0.00106,0.40519,4.59082,0.07243518505992705,0.06393933826452801
Hurdles_2__2160_30fps_d.yuv,0.13942,0.85686,0.0,0.0,0.95175,7.30574,0.0,0.10048,117.34928,48.30539,0.00279,2.47841,5.8773,0.0737113445016436,0.06071345190398202
Hurdles_2__2160_30fps_f.yuv,0.31662,0.86851,0.0,0.0,5.75223,11.46196,0.0,0.0,119.76555,48.36928,0.00047,0.62657,7.60053,0.07274458375963196,0.06719828115187387
Hurdles_2__2160_30fps_i.yuv,0.125,0.99413,0.0,0.0,58.71959,7.73274,0.0,0.0,118.8125,48.35005,0.86054,2.65287,6.14303,0.06783414142446673,0.06875347106012537
Hurdles_2__2160_30fps_j.yuv,0.44922,0.96518,0.0,0.0,13.54987,7.50737,0.0,0.0,120.26437,48.34695,0.20611,2.37733,6.22883,0.07242876635822688,0.05198776669020654
Hurdles_2__2160_30fps_o.yuv,0.125,0.98051,0.0,0.0,1.06435,7.47123,0.0,0.0,121.44498,48.3673,0.00502,2.28125,6.36911,0.07363201362776599,0.06866087764633387
Hurdles__2160_30fps_a.yuv,0.12503,0.95583,0.0,0.0,7.89402,9.86708,0.0,0.0,119.76555,50.19934,0.0,1.31329,6.17648,0.09622686688324636,0.03580986524363768
Hurdles__2160_30fps_c.yuv,0.73988,0.97943,0.0,0.0,5.55889,9.40874,0.0,0.0,120.35407,49.99542,0.00108,0.30452,7.82333,0.10045836589036235,0.030576674063963378
Hurdles__2160_30fps_d.yuv,0.14904,0.87209,0.0,0.0,1.70251,6.06582,0.0,0.01435,116.78947,50.1967,0.00225,2.54471,5.5252,0.10968261328620685,0.036632110817853704
Hurdles__2160_30fps_f.yuv,0.56894,0.97156,0.0,0.0,4.15203,8.16322,0.0,0.0,119.46411,50.23169,0.00076,0.80094,6.66606,0.10911864288758465,0.03445225040628026
Hurdles__2160_30fps_i.yuv,0.125,0.96315,0.0,0.0,26.48862,6.30071,0.0,0.0,118.82692,50.29785,0.31974,2.74746,5.72211,0.1066560499905717,0.03793227966330588
Hurdles__2160_30fps_j.yuv,0.44922,0.9698,0.0,0.0,7.61941,6.25457,0.0,0.0,119.9272,50.29851,0.08557,2.34438,5.74692,0.10947863463710505,0.02840126695301151
Hurdles__2160_30fps_o.yuv,0.125,0.97392,0.0,0.0,1.78692,6.30238,0.0,0.0,121.09569,50.31936,0.00381,2.21777,5.83689,0.11019223791090604,0.03786768489191052
Jockey_2160_30fps_a.yuv,0.12846,0.91791,0.0,0.0,1.86087,11.83303,0.0,0.0,122.42384,40.72692,0.0,1.81894,8.2266,0.05356133470457258,0.1149826348949976
Jockey_2160_30fps_c.yuv,0.31841,0.87073,0.0,0.0,2.5186,12.98199,0.0,0.0,125.11921,40.52282,0.00051,0.723,12.03595,0.05469169099019019,0.11349772952325732
Jockey_2160_30fps_d.yuv,0.14272,0.94669,0.0,0.0,0.12677,3.21767,0.0,0.05298,121.89404,40.72473,0.00515,2.68578,8.66197,0.05831085052727527,0.10345103981131928
Jockey_2160_30fps_f.yuv,0.45585,0.68377,0.0,5e-05,6.62406,10.7702,0.0,0.0,123.3245,40.43085,0.00175,0.63135,10.93536,0.055411771224578715,0.11282046428343848
Jockey_2160_30fps_i.yuv,0.12575,1.0076,0.0,0.0,49.32689,3.46646,0.0,0.0,121.5,40.6526,2.18971,3.46051,7.31254,0.053812185393636365,0.1146310771955253
Jockey_2160_30fps_j.yuv,0.45877,0.99093,0.0,0.0,8.99699,3.23953,0.0,0.0,123.36702,40.65247,0.48368,2.61856,9.42193,0.0570808110826816,0.08459222283277976
Jockey_2160_30fps_o.yuv,0.12902,1.00554,0.0,0.0,0.15392,3.19435,0.0,0.0,124.75497,40.63143,0.01116,2.35255,9.23519,0.05767903476371118,0.11445906155958005
JumpRope__2160_30fps_a.yuv,0.125,0.97538,0.0,0.0,0.69061,11.79038,0.0,0.0,123.10241,47.13079,0.0,1.51442,57.61558,0.13418492350872807,0.08591082294069878
JumpRope__2160_30fps_c.yuv,0.53151,0.89196,0.0,0.0,2.27354,9.04299,0.0,0.0,124.54217,46.12731,0.0041,0.4427,191.49072,0.1326437227738571,0.07670410195647644
JumpRope__2160_30fps_d.yuv,0.1375,0.89912,0.0,0.0,0.10884,6.46763,0.0,0.01205,120.41566,47.25485,0.00273,2.89931,62.83446,0.15131609623499098,0.08456198021837505
JumpRope__2160_30fps_f.yuv,0.22142,0.95722,0.0,0.0,0.53213,8.74849,0.0,0.0,123.07831,47.1269,0.00175,0.9011,78.5079,0.15167042690260432,0.08548987680391047
JumpRope__2160_30fps_i.yuv,0.125,1.08406,0.0,0.0,48.03545,6.95664,0.0,0.0,120.49697,47.25554,1.29295,3.51421,67.47604,0.1485723929220269,0.0877383010806582
JumpRope__2160_30fps_j.yuv,0.45,0.95053,0.0,0.0,10.90105,6.64841,0.0,0.0,123.21845,47.26414,0.29774,3.02874,67.45565,0.15110580693199388,0.06643069236184732
JumpRope__2160_30fps_o.yuv,0.125,0.96562,0.0,0.0,0.11847,6.56771,0.0,0.0,124.61446,47.26127,0.00387,2.82305,68.79555,0.1516530451188789,0.08764595007878857
KickoffNarrowp1_1080_30fps_a.yuv,0.12501,0.9182,0.0,0.0,9.96156,15.56901,0.0,0.0,127.32536,14.68423,1e-05,0.81046,inf,0.02863284899493487,0.046702556944239526
KickoffNarrowp1_1080_30fps_c.yuv,0.62524,0.77571,0.0,0.0,7.14222,8.95129,0.0,0.0,129.94737,14.08504,3e-05,0.32192,inf,0.032917472598552176,0.043144853172171066
KickoffNarrowp1_1080_30fps_d.yuv,0.13966,0.71226,0.0,0.0,0.58146,4.57244,0.0,0.05742,127.55024,14.62543,0.00028,1.63283,24.25767,0.04591650127715459,0.04372070157953195
KickoffNarrowp1_1080_30fps_f.yuv,0.51048,0.81568,0.0,0.0,7.94171,7.88893,0.0,0.0,128.54067,14.08028,7e-05,0.52093,149.08924,0.035546609714325064,0.04458800188304765
KickoffNarrowp1_1080_30fps_i.yuv,0.12506,0.49296,0.0,0.0,0.4272,4.86347,0.0,0.0,122.76923,14.00045,0.01092,1.95965,3.41966,0.11367034232772086,0.03988812364413156
KickoffNarrowp1_1080_30fps_j.yuv,0.44931,0.72491,0.0,0.0,0.71239,4.91754,0.0,0.0,128.29119,14.48774,0.00247,1.62155,14.46327,0.06241030901325577,0.03378196780879621
KickoffNarrowp1_1080_30fps_o.yuv,0.12524,0.82033,0.0,0.0,0.87787,4.95871,0.0,0.0,130.46411,14.68189,0.00015,1.49764,19.75482,0.045031824024571065,0.046874940238940815
KickoffNarrowp2_1080_30fps_a.yuv,0.12529,0.93955,0.0,0.0,42.74123,18.80816,0.0,0.0,135.90909,19.54669,0.0,0.92105,1.46645,0.03727738738922944,0.05595501821179145
KickoffNarrowp2_1080_30fps_c.yuv,0.14844,0.89777,0.0,0.0,14.66918,10.56753,0.0,0.0,138.12919,19.50665,2e-05,0.87943,1.57876,0.049096493136387295,0.055619806569112674
KickoffNarrowp2_1080_30fps_d.yuv,0.14505,0.7829,0.0,0.0,4.34474,8.05148,0.0,0.10048,133.0,19.52601,0.00016,1.49104,1.40975,0.05252764189099433,0.0501134037908963
KickoffNarrowp2_1080_30fps_f.yuv,0.21855,0.88462,0.0,0.0,15.22464,10.49359,0.0,0.0,136.47847,19.43359,3e-05,0.96912,1.60909,0.04948131830587356,0.05516904473945613
KickoffNarrowp2_1080_30fps_i.yuv,0.12657,0.48338,0.0,0.0,1.0756,8.59859,0.0,0.0,137.54808,18.93988,0.01281,1.93749,1.39087,0.144024511254844,0.04943203905228696
KickoffNarrowp2_1080_30fps_j.yuv,0.45167,0.72114,0.0,0.0,4.55971,8.67861,0.0,0.0,138.42529,19.35603,0.0026,1.54741,1.4259,0.07974038709309093,0.042270881908088656
KickoffNarrowp2_1080_30fps_o.yuv,0.13381,0.83064,0.0,0.0,5.71495,8.77592,0.0,0.0,137.89952,19.6084,0.00015,1.42172,1.44894,0.05229153683509801,0.05658808066157688
Kickoffp1_1080_30fps_a.yuv,0.125,0.98502,0.0,0.0,30.44003,16.36182,0.0,0.0,126.63158,24.9616,1e-05,0.74293,3.43772,0.10087490023628726,0.05837642616616505
Kickoffp1_1080_30fps_c.yuv,0.12529,0.87076,0.0,0.0,2.31962,9.32462,0.0,0.0,130.10526,25.56831,0.00028,1.34562,3.10853,0.16637834729703202,0.060114491681289586
Kickoffp1_1080_30fps_d.yuv,0.14906,0.83454,0.0,0.0,2.19872,8.78792,0.0,0.01435,125.07177,25.52273,0.00031,1.57967,3.02708,0.1653557555488495,0.05779963723806021
Kickoffp1_1080_30fps_f.yuv,0.52542,0.95314,0.0,0.0,3.94123,9.90555,0.0,0.0,128.5311,25.06332,0.0001,0.63267,3.65091,0.15955797536956667,0.05832698837904428
Kickoffp1_1080_30fps_i.yuv,0.125,0.69241,0.0,0.0,1.55048,9.01873,0.0,0.0,128.3125,24.94745,0.017,1.62857,3.1079,0.22934104641127376,0.05399401261749804
Kickoffp1_1080_30fps_j.yuv,0.44923,0.81519,0.0,0.0,2.04856,9.16053,0.0,0.0,130.06897,25.3974,0.0046,1.41565,3.13313,0.18407652831280963,0.04431813219944628
Kickoffp1_1080_30fps_o.yuv,0.12506,0.86436,0.0,0.0,2.2927,9.20398,0.0,0.0,130.06699,25.57514,0.00032,1.31519,3.13192,0.16667388102412942,0.06023189773513111
Kickoffp2_1080_30fps_a.yuv,0.125,0.97887,0.0,0.0,43.79067,12.2321,0.0,0.0,125.88038,26.295,0.0,1.10921,3.91172,0.12253378650230809,0.023641618254846706
Kickoffp2_1080_30fps_c.yuv,0.60567,0.91774,0.0,0.0,7.92217,6.64527,0.0,0.0,129.44976,26.16806,0.00014,0.36717,7.10238,0.19536740632484906,0.016902694904746295
Kickoffp2_1080_30fps_d.yuv,0.13465,0.83621,0.0,0.0,3.90323,6.04982,0.0,0.03828,126.77512,27.17576,0.00028,1.73926,3.3275,0.21321113202661277,0.023877234302191953
Kickoffp2_1080_30fps_f.yuv,0.72508,0.93188,0.0,0.0,7.15766,6.57577,0.0,0.0,128.08134,26.37701,0.00015,0.82577,5.96355,0.19847585666983303,0.02555520684537415
Kickoffp2_1080_30fps_i.yuv,0.12501,0.85832,0.0,0.0,3.68393,6.12474,0.0,0.0,128.47596,27.13955,0.00141,1.71376,3.27025,0.21642779616428184,0.023912074587484195
Kickoffp2_1080_30fps_j.yuv,0.44923,0.86205,0.0,0.0,3.70128,6.1187,0.0,0.0,129.98851,27.20199,0.00049,1.68862,3.34275,0.21612724460709956,0.01919424805769091
Kickoffp2_1080_30fps_o.yuv,0.12506,0.87225,0.0,0.0,3.99155,6.11656,0.0,0.0,129.99522,27.21889,0.00027,1.68062,3.31423,0.21409673584430375,0.024729336979571977
LongJump1p2__2160_30fps_a.yuv,0.125,0.9657,0.0,0.0,0.33732,12.9995,0.0,0.0,124.7512,49.47461,0.0,1.34909,22.12012,0.14982920431250188,0.07545567330239596
LongJump1p2__2160_30fps_c.yuv,0.50105,0.94267,0.0,0.0,0.37504,7.2969,0.0,0.0,126.43541,49.20521,0.00545,0.40652,45.72717,0.16626641319178398,0.07088118793252647
LongJump1p2__2160_30fps_d.yuv,0.13942,0.89275,0.0,0.0,0.0888,5.54907,0.0,0.10048,121.85167,49.50233,0.00331,2.62494,22.52238,0.1806298834000961,0.06857452987889891
LongJump1p2__2160_30fps_f.yuv,0.23035,0.95269,0.0,0.0,0.16392,8.15651,0.0,0.0,124.60766,49.55089,0.0038,0.65418,33.11104,0.1842906190094715,0.0760205879240406
LongJump1p2__2160_30fps_i.yuv,0.125,1.06408,0.0,0.0,24.06366,6.22802,0.0,0.0,123.41827,49.62213,1.32951,3.18229,23.73748,0.18079406451240573,0.07767148888233305
LongJump1p2__2160_30fps_j.yuv,0.44922,0.95262,0.0,0.0,5.27171,5.8627,0.0,0.0,124.96552,49.62974,0.28998,2.55487,24.52702,0.1816683454740223,0.05836083075488775
LongJump1p2__2160_30fps_o.yuv,0.125,0.97103,0.0,0.0,0.0945,5.87535,0.0,0.0,126.27273,49.66372,0.00452,2.34129,26.40146,0.18204576290159724,0.07766525778966799
LongJump1__2160_30fps_a.yuv,0.125,0.95388,0.0,0.0,0.89968,7.68337,0.0,0.0,122.9378,46.83404,0.0,1.50556,14.84787,0.13928788731596264,0.030151818139701525
LongJump1__2160_30fps_c.yuv,0.42374,1.03242,0.0,0.0,0.44765,5.09592,0.0,0.0,124.7512,46.98068,0.00131,0.51994,18.77577,0.16803029557098276,0.029316263709941892
LongJump1__2160_30fps_d.yuv,0.15385,0.8962,0.0,0.0,0.27077,4.43825,0.0,0.01435,120.01435,46.91593,0.00203,2.83773,14.87148,0.16472143359292174,0.03220307645473691
LongJump1__2160_30fps_f.yuv,0.44189,0.99005,0.0,0.0,0.46635,5.54589,0.0,0.0,123.07177,46.81951,0.00137,0.75344,18.23107,0.16474581228955684,0.029272454957749692
LongJump1__2160_30fps_i.yuv,0.125,1.01502,0.0,0.0,1.14331,4.65259,0.0,0.0,122.75481,46.99534,0.27552,2.79645,15.33175,0.16394726106687213,0.03328612295687634
LongJump1__2160_30fps_j.yuv,0.44922,0.94994,0.0,0.0,0.73713,4.55203,0.0,0.0,123.47893,47.00298,0.06649,2.53202,15.11855,0.16517819173193268,0.024785912392763062
LongJump1__2160_30fps_o.yuv,0.125,0.96214,0.0,0.0,0.29039,4.56049,0.0,0.0,124.57416,47.03019,0.00285,2.47861,15.37444,0.1654495654626359,0.03309862376475524
LongJump2p2__2160_30fps_a.yuv,0.125,0.96793,0.0,0.0,0.71893,16.89619,0.0,0.0,127.16318,55.1536,0.0,1.21443,24.13595,0.10841108079339383,0.08833469791539729
LongJump2p2__2160_30fps_c.yuv,0.12516,0.9194,0.0,0.0,0.20903,6.11728,0.0,0.0,129.31799,55.28849,0.00888,2.25574,22.51756,0.11824531813781262,0.08951963763445464
LongJump2p2__2160_30fps_d.yuv,0.14224,0.90445,0.0,0.0,0.17842,5.74408,0.0,0.06695,126.20921,55.21627,0.00219,2.49741,21.90305,0.11798362072641103,0.08004367685155013
LongJump2p2__2160_30fps_f.yuv,0.41555,0.8801,0.0,0.0,0.56419,10.42538,0.0,0.0,127.43933,55.05883,0.00206,0.52771,43.28337,0.11820531283895788,0.0873472258643086
LongJump2p2__2160_30fps_i.yuv,0.125,1.01477,0.0,0.0,29.40844,6.66177,0.0,0.0,126.07563,55.23139,1.48025,3.09673,20.59588,0.1169125808390781,0.08987662615258644
LongJump2p2__2160_30fps_j.yuv,0.44933,0.96506,0.0,0.0,6.3738,6.28246,0.0,0.0,128.01672,55.24579,0.32147,2.50006,21.8611,0.11812641533198333,0.06684208626540605
LongJump2p2__2160_30fps_o.yuv,0.12501,0.97749,0.0,0.0,0.20526,6.2037,0.0,0.0,129.24268,55.28867,0.00403,2.28509,23.12895,0.11840098556528618,0.08953983788736111
LongJump2__2160_30fps_a.yuv,0.125,0.96056,0.0,0.0,1.22197,9.18933,0.0,0.0,125.77033,53.43876,0.0,1.2097,8.66078,0.10239034856366541,0.03231943152447519
LongJump2__2160_30fps_c.yuv,0.70409,0.95021,0.0,0.0,1.14147,8.32156,0.0,0.0,126.70813,52.96223,0.00126,0.3871,23.60651,0.09481610629134733,0.023575981459672733
LongJump2__2160_30fps_d.yuv,0.13942,0.88703,0.0,0.0,0.31005,5.68551,0.0,0.10048,123.10048,53.37986,0.00227,2.513,7.29342,0.11189540508853593,0.03098466408223544
LongJump2__2160_30fps_f.yuv,0.37296,0.95765,0.0,0.0,0.77532,6.77872,0.0,0.0,125.99043,53.47971,0.00089,0.58297,9.21126,0.11425116777806675,0.03162624692244558
LongJump2__2160_30fps_i.yuv,0.125,0.98988,0.0,0.0,5.47236,6.22462,0.0,0.0,125.75481,53.50382,0.48529,2.60054,7.64094,0.1101720076688696,0.034655600390584566
LongJump2__2160_30fps_j.yuv,0.44922,0.97114,0.0,0.0,1.92928,5.95988,0.0,0.0,126.50575,53.51467,0.12784,2.48418,7.65428,0.11204797874369005,0.026360208410357643
LongJump2__2160_30fps_o.yuv,0.125,0.97543,0.0,0.0,0.35514,5.88036,0.0,0.0,127.66507,53.55238,0.00342,2.43788,7.72422,0.1125955594052724,0.03441174338682079
LongJump3p1__2160_30fps_a.yuv,0.125,0.93729,0.0,0.0,6.48369,7.28946,0.0,0.0,125.5311,48.38815,0.0,0.47704,9.25689,0.08877980751436769,0.024746700462332235
LongJump3p1__2160_30fps_c.yuv,0.75826,1.02262,0.0,0.0,1.35467,6.29506,0.0,0.0,128.02392,48.14669,0.00041,0.38817,14.86566,0.08706505094110785,0.017081901084799525
LongJump3p1__2160_30fps_d.yuv,0.15385,0.87015,0.0,0.0,0.52994,3.80913,0.0,0.01435,122.88038,48.21491,0.00128,2.03846,8.43918,0.11078151751942054,0.026761569856058
LongJump3p1__2160_30fps_f.yuv,0.69123,0.97752,0.0,0.0,2.09139,5.03039,0.0,0.0,125.65072,48.42758,0.00044,0.52512,11.76024,0.10482475241580955,0.023268572582031015
LongJump3p1__2160_30fps_i.yuv,0.125,0.97788,0.0,0.0,6.09323,4.01371,0.0,0.0,125.45673,48.47414,0.26716,1.94453,8.58633,0.10655936663888983,0.02754781178397682
LongJump3p1__2160_30fps_j.yuv,0.44922,0.93446,0.0,0.0,1.77931,3.93561,0.0,0.0,125.98084,48.48199,0.06387,1.79501,8.78869,0.11020413467955557,0.02043995767016508
LongJump3p1__2160_30fps_o.yuv,0.125,0.94358,0.0,0.0,0.67695,3.9468,0.0,0.0,126.92344,48.56135,0.002,1.55461,9.05509,0.11136198167305263,0.027418235228431398
LongJump3p2__2160_30fps_a.yuv,0.125,0.94908,0.0,0.0,8.67855,10.5911,0.0,0.0,124.54067,51.30134,0.0,0.46423,10.20942,0.06954617347053006,0.05453367757581656
LongJump3p2__2160_30fps_c.yuv,0.56417,0.99912,0.0,0.0,4.60805,7.77363,0.0,0.0,126.22967,51.46898,0.00029,0.54772,13.8413,0.0833998976593968,0.05413838410859568
LongJump3p2__2160_30fps_d.yuv,0.14423,0.87492,0.0,0.0,0.88477,4.96859,0.0,0.05742,123.29187,51.28439,0.00116,1.68639,9.2714,0.08402590157969202,0.05163596690719777
LongJump3p2__2160_30fps_f.yuv,0.6396,0.90888,0.0,5e-05,4.12883,7.92214,0.0,0.0,124.29665,51.2561,0.00069,0.47449,13.00573,0.07758788551302478,0.053776885922849765
LongJump3p2__2160_30fps_i.yuv,0.125,1.0091,0.0,0.0,35.90962,5.71527,0.0,0.0,123.88462,51.37504,0.62443,1.80457,8.33123,0.07797544485944777,0.05590516198229886
LongJump3p2__2160_30fps_j.yuv,0.44922,0.93753,0.0,0.0,8.69231,5.26116,0.0,0.0,124.95785,51.3688,0.14001,1.57412,9.09169,0.08254262987508873,0.04243991946356022
LongJump3p2__2160_30fps_o.yuv,0.125,0.96447,0.0,0.0,1.06312,5.20273,0.0,0.0,125.96651,51.45495,0.00245,1.40391,9.58557,0.08411336680588795,0.05578972466691977
MCML03basketball_2160_30fps_a.yuv,0.12501,0.98448,0.0,0.0,7.79756,10.34541,0.0,0.0,118.87866,39.8813,0.0,1.36895,4.27549,0.073461838494487,0.04175479991232114
MCML03basketball_2160_30fps_c.yuv,0.31039,0.8101,0.0,0.0,2.98888,9.44868,0.0,0.0,119.33891,39.92117,0.00094,1.2251,4.2104,0.07916013755733302,0.04192998834066619
MCML03basketball_2160_30fps_d.yuv,0.13365,0.72374,0.0,0.0,2.29118,8.76792,0.0,0.08787,115.37657,39.90316,0.00044,1.35081,3.69818,0.07888315555675635,0.038595986475447826
MCML03basketball_2160_30fps_f.yuv,0.71828,0.79589,0.0,0.0,3.9372,9.12821,0.0,0.0,117.81172,39.86186,0.00117,0.33085,4.33638,0.0791705340014642,0.04165508534639173
MCML03basketball_2160_30fps_i.yuv,0.12502,0.95873,0.0,0.0,49.35487,9.48755,0.0,0.0,118.13445,39.9186,0.40372,1.42237,3.98791,0.07559194055904407,0.041947177673973025
MCML03basketball_2160_30fps_j.yuv,0.44935,0.92436,0.0,0.0,13.52857,9.45125,0.0,0.0,118.49833,39.92012,0.09591,1.41189,4.05312,0.07848036646386805,0.03221136296394461
MCML03basketball_2160_30fps_o.yuv,0.12502,0.98956,0.0,0.0,3.01259,9.70926,0.0,0.0,119.33054,39.91822,2e-05,1.15708,4.21264,0.07922625470274693,0.04196202946612531
netflixcrowdrun_1080_25fps_a.yuv,0.125,1.00031,0.0,0.0,18.24329,12.2571,0.0,0.0,123.02685,57.63866,0.0,0.47342,1.63666,0.11291891436923554,0.09535879744359273
netflixcrowdrun_1080_25fps_c.yuv,0.59665,0.92352,0.0,0.0,7.37383,6.3159,0.0,0.0,122.77852,56.82198,0.00036,0.41188,2.69445,0.16387649320881195,0.08696254776417242
netflixcrowdrun_1080_25fps_d.yuv,0.14964,0.93062,0.0,0.0,1.53132,6.12434,0.0,0.02013,120.38926,57.97725,0.00011,1.85922,1.54905,0.1867580838546478,0.0951347096034894
netflixcrowdrun_1080_25fps_f.yuv,0.59931,0.93335,0.0,0.0,3.41935,6.41438,0.0,0.0,122.07383,57.51107,0.00017,0.44386,2.55468,0.18103796966949293,0.09638247323422354
netflixcrowdrun_1080_25fps_i.yuv,0.125,0.75956,0.0,0.0,0.03041,6.36168,0.0,0.0,121.86486,57.374,0.01597,1.8298,1.61256,0.27380603944975046,0.08944708804802108
netflixcrowdrun_1080_25fps_j.yuv,0.45536,0.93211,0.0,0.0,1.29036,6.32873,0.0,0.0,122.93304,57.79678,0.0032,1.77991,1.61636,0.20471865962222632,0.06950347361739032
netflixcrowdrun_1080_25fps_o.yuv,0.125,0.97031,0.0,0.0,1.60112,6.31775,0.0,0.0,122.91946,57.90086,0.00012,1.7698,1.61618,0.18692917564863923,0.10000815978876279
ntbasketballp1_1080_25fps_a.yuv,0.125,0.98664,0.0,0.0,19.14162,16.13321,0.0,0.0,108.7284,42.14474,1e-05,0.9247,2.461,0.072550145438665,0.08089016388998488
ntbasketballp1_1080_25fps_c.yuv,0.49514,0.93475,0.0,0.0,6.10556,10.06935,0.0,0.0,109.54938,41.86608,0.00012,0.43601,3.6928,0.10313826441648251,0.07772488216965388
ntbasketballp1_1080_25fps_d.yuv,0.14375,0.80766,0.0,0.0,0.98189,7.75254,0.0,0.07407,106.8642,42.31333,0.00064,2.14758,2.42394,0.11497322156118606,0.07435164453574646
ntbasketballp1_1080_25fps_f.yuv,0.48004,0.93078,0.0,0.0,5.07161,10.04519,0.0,0.0,107.61728,41.75403,0.00024,0.45671,3.356,0.10306918016880023,0.07942875939029799
ntbasketballp1_1080_25fps_i.yuv,0.125,0.55471,0.0,0.0,0.32495,7.85234,0.0,0.0,107.14286,41.48095,0.01451,2.70032,2.32253,0.23060748433989073,0.07014332619076602
ntbasketballp1_1080_25fps_j.yuv,0.45,0.79241,0.0,0.0,0.95802,8.07304,0.0,0.0,109.16049,42.17675,0.00384,2.13217,2.41231,0.13928284669824248,0.0562587832790636
ntbasketballp1_1080_25fps_o.yuv,0.125,0.86056,0.0,0.0,1.10802,8.16395,0.0,0.0,109.21605,42.3137,0.00086,1.91855,2.45702,0.11527811771505485,0.08192051317696637
ntbasketballp2_1080_25fps_a.yuv,0.125,0.98927,0.0,0.0,11.66652,14.86424,0.0,0.0,108.53448,40.43135,2e-05,1.06742,2.47089,0.07230485403987398,0.0708544622272581
ntbasketballp2_1080_25fps_c.yuv,0.35136,0.96213,0.0,0.0,2.83511,9.31875,0.0,0.0,109.17816,40.46881,9e-05,0.49142,3.27775,0.10687494433213508,0.07016717982333918
ntbasketballp2_1080_25fps_d.yuv,0.13095,0.80739,0.0,0.0,0.92557,8.19507,0.0,0.12069,104.7931,40.33836,0.0007,2.30708,2.37813,0.10635049987248367,0.06161485615960951
ntbasketballp2_1080_25fps_f.yuv,0.36244,0.94797,0.0,0.0,3.01097,9.4393,0.0,0.0,107.71264,40.31691,0.00012,0.49635,3.40706,0.10564653726755256,0.07004964606470018
ntbasketballp2_1080_25fps_i.yuv,0.125,0.59595,0.0,0.0,0.13776,8.32201,0.0,0.0,105.86705,39.95286,0.01427,2.31019,2.39203,0.1974242928413091,0.06245229162318362
ntbasketballp2_1080_25fps_j.yuv,0.44922,0.80082,0.0,0.0,0.86373,8.4437,0.0,0.0,108.76245,40.49399,0.00371,1.85559,2.40141,0.1260268295077254,0.049651411414925115
ntbasketballp2_1080_25fps_o.yuv,0.125,0.85406,0.0,0.0,1.07629,8.49312,0.0,0.0,109.03448,40.58337,0.00092,1.73629,2.41319,0.10694170092225609,0.07190847677600681
QuarterBackSneakp1_1080_30fps_a.yuv,0.12504,0.98576,0.0,0.0,25.16248,17.49372,0.0,0.0,126.61244,32.90103,1e-05,0.43264,4.40635,0.05874576529506082,0.08911445334999663
QuarterBackSneakp1_1080_30fps_c.yuv,0.12532,0.89391,0.0,0.0,7.49167,12.4748,0.0,0.0,128.25837,33.01002,3e-05,0.50054,4.54226,0.07318195015711737,0.09018231821153587
QuarterBackSneakp1_1080_30fps_d.yuv,0.14443,0.84428,0.0,0.0,5.72436,11.91935,0.0,0.01435,123.15311,33.09033,0.00046,1.15732,4.20651,0.07287411258135974,0.08807580182219647
QuarterBackSneakp1_1080_30fps_f.yuv,0.41222,0.92534,0.0,0.0,10.564,12.31074,0.0,0.0,126.43541,32.79846,0.0001,0.42996,5.50304,0.07296821697261754,0.0890866946319711
QuarterBackSneakp1_1080_30fps_i.yuv,0.12501,0.36771,0.0,0.0,0.22997,12.25993,0.0,0.0,122.32212,32.03031,0.04329,1.63665,4.23269,0.21515337946518326,0.07846636780889879
QuarterBackSneakp1_1080_30fps_j.yuv,0.44932,0.80888,0.0,0.0,5.88946,12.52221,0.0,0.0,126.86973,32.64611,0.00587,0.76386,4.40084,0.11255982526641584,0.06747186658655115
QuarterBackSneakp1_1080_30fps_o.yuv,0.12538,0.97039,0.0,0.0,7.49749,12.62085,0.0,0.0,128.45455,33.01614,3e-05,0.47926,4.47674,0.07325882863041931,0.09023575217734331
QuarterBackSneakp2_1080_30fps_a.yuv,0.12501,0.9582,0.0,0.0,14.57748,18.99146,0.0,0.0,121.40586,27.36691,2e-05,0.75194,11.77765,0.04396744777715791,0.078025257079327
QuarterBackSneakp2_1080_30fps_c.yuv,0.5483,0.85394,0.0,0.0,11.2189,11.47693,0.0,0.0,123.53975,26.65746,0.00025,0.34328,23.8018,0.04896255917775973,0.07326278283825743
QuarterBackSneakp2_1080_30fps_d.yuv,0.14666,0.76779,0.0,0.0,3.52772,10.79092,0.0,0.06695,124.26778,27.52711,0.00111,1.02897,11.72818,0.05489498578513707,0.07094925530149923
QuarterBackSneakp2_1080_30fps_f.yuv,0.47576,0.8861,0.0,0.0,7.81817,11.95303,0.0,0.0,124.21339,27.04129,0.00025,0.38221,21.35143,0.05324975524173559,0.07608121717715484
QuarterBackSneakp2_1080_30fps_i.yuv,0.125,0.32839,0.0,0.0,0.0764,11.88455,0.0,0.0,113.76891,26.52129,0.0373,1.57049,12.46467,0.1826753599225681,0.06780280831953507
QuarterBackSneakp2_1080_30fps_j.yuv,0.44935,0.78532,0.0,0.0,3.69195,12.03725,0.0,0.0,123.84615,27.0999,0.00567,0.72265,12.24787,0.08933278620127234,0.058194965182361745
QuarterBackSneakp2_1080_30fps_o.yuv,0.12506,0.95133,0.0,0.0,4.8448,12.23969,0.0,0.0,127.41004,27.42048,3e-05,0.48214,12.97841,0.05428747111085724,0.07860915881689459
Runners_2160_30fps_a.yuv,0.12953,0.94627,0.0,0.0,1.07073,7.02101,0.0,0.0,125.0,44.60458,0.0,2.17586,1.65739,0.1600635091596654,0.06954250198135736
Runners_2160_30fps_c.yuv,0.56856,0.91284,0.0,0.0,0.73963,5.42809,0.0,0.0,127.2201,44.23741,0.00125,0.45638,4.15581,0.1827082391222538,0.06624706457770356
Runners_2160_30fps_d.yuv,0.1385,0.98033,0.0,0.0,0.13975,5.06921,0.0,0.10048,123.0,44.90079,0.01185,3.81991,2.48037,0.19718729181321312,0.0629468039051627
Runners_2160_30fps_f.yuv,0.71338,0.98606,0.0,0.0,0.37317,5.53267,0.0,0.0,125.0,44.63735,0.00114,0.66141,2.95678,0.19611517764475406,0.0687515908684217
Runners_2160_30fps_i.yuv,0.12712,0.99938,0.0,0.0,61.21691,5.13073,0.0,0.0,125.0,44.81192,0.45146,3.77174,2.45278,0.19427736117169925,0.07025794874432262
Runners_2160_30fps_j.yuv,0.45021,0.99836,0.0,0.0,15.43764,5.13633,0.0,0.0,125.03065,44.79919,0.11628,3.63375,2.40351,0.1965308296347968,0.053722151857917955
Runners_2160_30fps_o.yuv,0.12683,1.0032,0.0,0.0,0.14498,5.157,0.0,0.0,126.0,44.76672,0.01913,3.58491,2.50912,0.1970837891989842,0.07019872557860106
skateboarding_1080_30fps_a.yuv,0.32058,0.88625,0.0,0.0,29.3546,16.13213,0.0,0.0,127.54812,45.33086,1e-05,0.67704,2.25139,0.054002767537195455,0.0814609455597214
skateboarding_1080_30fps_c.yuv,0.46801,0.83051,0.0,0.0,4.21994,8.69205,0.0,0.0,127.87029,45.305,8e-05,0.49626,2.46009,0.08731181878425966,0.08206853892523804
skateboarding_1080_30fps_d.yuv,0.43761,0.7883,0.0,0.0,2.21105,6.68197,0.0,0.01674,123.79498,45.22007,0.00014,0.67228,2.11371,0.09057566800666378,0.07922630408052285
skateboarding_1080_30fps_f.yuv,0.54184,0.82698,0.0,0.0,4.65523,8.82831,0.0,0.0,126.51464,45.15133,0.00014,0.36338,2.40553,0.08442748874258564,0.0812159822424033
skateboarding_1080_30fps_i.yuv,0.27952,0.40613,0.0,0.0,0.39569,6.78763,0.0,0.0,127.4916,44.64139,0.00537,1.19892,2.28532,0.22236411026213354,0.07198501452832809
skateboarding_1080_30fps_j.yuv,0.56955,0.75419,0.0,0.0,1.92074,6.97541,0.0,0.0,128.16722,45.19825,0.0015,0.71553,2.36644,0.1209526058805574,0.060508657236556206
skateboarding_1080_30fps_o.yuv,0.42631,0.86965,0.0,0.0,2.48992,7.05795,0.0,0.0,127.83264,45.34651,4e-05,0.47388,2.35131,0.09071504180929975,0.08263815521402491
Soccer_1080_30fps_a.yuv,0.29194,0.99733,0.0,0.0,12.11489,11.59797,0.0,0.0,132.5523,41.96129,2e-05,0.39262,3.28968,0.13595439902640244,0.0748685729463333
Soccer_1080_30fps_c.yuv,0.46398,0.97517,0.0,0.0,2.71614,5.86918,0.0,0.0,132.83682,42.7647,0.00016,0.48711,3.68616,0.224230972821611,0.0788465917322106
Soccer_1080_30fps_d.yuv,0.41035,0.93897,0.0,0.0,2.628,5.77897,0.0,0.06695,129.53138,42.73046,0.00056,0.61972,3.304,0.22539107712656992,0.07126529813291334
Soccer_1080_30fps_f.yuv,0.59244,0.97179,0.0,0.0,4.72354,6.56981,0.0,0.0,131.11715,41.98782,0.00022,0.39366,3.7219,0.19935623642880382,0.0772007265668972
Soccer_1080_30fps_i.yuv,0.29397,0.74406,0.0,0.0,1.34832,5.92209,0.0,0.0,131.84874,42.10002,0.01314,0.67559,3.58811,0.2855674215809328,0.07002650707302126
Soccer_1080_30fps_j.yuv,0.55397,0.93448,0.0,0.0,2.21226,5.85869,0.0,0.0,132.87291,42.61448,0.00329,0.50909,3.63499,0.24104499924041758,0.058076490553585894
Soccer_1080_30fps_o.yuv,0.41952,0.98346,0.0,0.0,2.59843,5.85201,0.0,0.0,132.74059,42.78942,0.00017,0.46759,3.71405,0.22614168061255996,0.0790260427186979
src05_1080_30fps_a.yuv,0.125,0.98932,0.0,0.0,23.41806,12.54914,0.0,0.0,124.71292,25.75517,0.0,0.42187,1.56254,0.11785652499963634,0.01979679743005794
src05_1080_30fps_c.yuv,0.74763,0.97322,0.0,0.0,4.13616,7.70402,0.0,0.0,128.98565,25.50924,5e-05,0.3622,2.04839,0.17824439547071103,0.012726574995008781
src05_1080_30fps_d.yuv,0.13944,0.85647,0.0,0.0,2.43014,6.81894,0.0,0.10048,124.92823,26.55046,0.00023,1.71971,1.60028,0.19473029829782426,0.01886970061503089
src05_1080_30fps_f.yuv,0.71976,0.95813,0.0,0.0,3.46766,7.15249,0.0,0.0,128.37799,26.26361,6e-05,0.53558,1.80284,0.19234344483728713,0.01699312243226977
src05_1080_30fps_i.yuv,0.125,0.85231,0.0,0.0,2.39808,6.91259,0.0,0.0,128.20673,26.52404,0.00132,1.69906,1.6407,0.19743032039020772,0.019904233115099975
src05_1080_30fps_j.yuv,0.44922,0.8721,0.0,0.0,2.32152,6.91057,0.0,0.0,129.91571,26.55391,0.00044,1.41655,1.62822,0.19760473513797683,0.015830760252421444
src05_1080_30fps_o.yuv,0.12501,0.8754,0.0,0.0,2.56085,6.91095,0.0,0.0,129.90431,26.56449,0.00024,1.35611,1.64027,0.1962978945244484,0.020351571829287478
src09_1080_30fps_a.yuv,0.12764,0.9428,0.0,0.0,40.58257,16.57871,0.0,0.0,129.61925,22.52615,0.0,0.88983,1.45266,0.049317748428821744,0.05428214086143341
src09_1080_30fps_c.yuv,0.61752,0.83995,0.0,0.0,16.73152,10.04696,0.0,0.0,131.38075,22.16825,4e-05,0.52208,1.6759,0.06418073328704452,0.051511282499004954
src09_1080_30fps_d.yuv,0.15025,0.78951,0.0,0.0,4.03954,6.93149,0.0,0.01674,126.0795,22.60916,0.00016,1.86025,1.38979,0.07395420030555523,0.05288098170051779
src09_1080_30fps_f.yuv,0.42892,0.87462,0.0,0.0,11.6552,8.70318,0.0,0.0,129.5523,22.37084,5e-05,0.6666,1.65356,0.06936713709203766,0.05334041401443247
src09_1080_30fps_i.yuv,0.12955,0.5248,0.0,0.0,1.7916,7.22312,0.0,0.0,128.32353,22.04565,0.01162,2.11866,1.3948,0.15099073458443946,0.04882437132924962
src09_1080_30fps_j.yuv,0.45246,0.74038,0.0,0.0,3.76692,7.2544,0.0,0.0,130.69231,22.47545,0.00223,1.85344,1.44863,0.09754703746492954,0.041428053007495795
src09_1080_30fps_o.yuv,0.13653,0.8359,0.0,0.0,4.79756,7.31362,0.0,0.0,131.04184,22.65925,0.00017,1.74337,1.46168,0.07397388637336666,0.05527262166158253
TouchdownDayp1_1080_30fps_a.yuv,0.12902,0.96412,0.0,0.0,25.82416,19.18915,0.0,0.0,130.00957,28.62654,1e-05,0.97681,1.78562,0.04959783984051762,0.0718371642553132
TouchdownDayp1_1080_30fps_c.yuv,0.29457,0.91857,0.0,0.0,6.90191,10.57908,0.0,0.0,132.22488,28.62208,3e-05,0.71841,2.1445,0.06741555391063496,0.07163783985904328
TouchdownDayp1_1080_30fps_d.yuv,0.15237,0.74818,0.0,0.0,2.33716,7.92378,0.0,0.05742,128.83254,28.70881,0.00037,1.68379,1.72992,0.07034044552935757,0.06650443586474178
TouchdownDayp1_1080_30fps_f.yuv,0.43469,0.9015,0.0,0.0,9.04757,11.23363,0.0,0.0,130.1866,28.27139,0.00011,0.52771,2.11311,0.0639752098836307,0.07023423530589191
TouchdownDayp1_1080_30fps_i.yuv,0.13011,0.45907,0.0,0.0,0.33634,8.35977,0.0,0.0,129.83173,27.8824,0.01443,1.82201,1.74385,0.18649730193253336,0.06372208921132975
TouchdownDayp1_1080_30fps_j.yuv,0.45347,0.73302,0.0,0.0,2.40208,8.55901,0.0,0.0,131.73563,28.41154,0.00425,1.45734,1.78082,0.10482104818653183,0.05460622865854426
TouchdownDayp1_1080_30fps_o.yuv,0.14049,0.84628,0.0,0.0,3.04071,8.6859,0.0,0.0,132.11005,28.71149,0.00023,1.20773,1.79205,0.06968516305335731,0.07255540540549704
TouchdownDayp2_1080_30fps_a.yuv,0.12513,0.93279,0.0,0.0,21.16707,18.21756,0.0,0.0,128.66507,26.14852,2e-05,1.14372,2.46597,0.03000372095847764,0.08229516284965362
TouchdownDayp2_1080_30fps_c.yuv,0.12549,0.81245,0.0,0.0,2.93353,7.65932,0.0,0.0,130.30622,26.12428,0.00019,0.62057,2.54784,0.04213786496003412,0.08239034325815482
TouchdownDayp2_1080_30fps_d.yuv,0.13963,0.70025,0.0,0.0,1.71041,6.70603,0.0,0.10048,125.3445,26.06567,0.00027,1.39238,2.35141,0.04302093046649587,0.07293029877694551
TouchdownDayp2_1080_30fps_f.yuv,0.37464,0.84049,0.0,0.0,7.64741,9.41385,0.0,0.0,128.86124,25.97929,7e-05,0.37927,3.20717,0.04044787148116713,0.08155471222851292
TouchdownDayp2_1080_30fps_i.yuv,0.125,0.27423,0.0,0.0,0.01122,7.25867,0.0,0.0,123.49519,25.0598,0.01988,1.68334,2.39676,0.18946667095551334,0.07028231159234521
TouchdownDayp2_1080_30fps_j.yuv,0.44932,0.67483,0.0,0.0,2.19799,7.4859,0.0,0.0,128.62452,25.77145,0.00304,0.8613,2.4569,0.08216014288511485,0.060778000606324344
TouchdownDayp2_1080_30fps_o.yuv,0.12547,0.81611,0.0,0.0,2.72687,7.56024,0.0,0.0,130.31579,26.1283,0.00018,0.62539,2.52556,0.04219605640089971,0.08241663891786566
TouchdownPassp1_1080_30fps_a.yuv,0.12757,0.94018,0.0,0.0,39.06818,16.65166,0.0,0.0,129.73206,21.48952,0.0,0.95896,1.45189,0.04717619006328568,0.0520879652539404
TouchdownPassp1_1080_30fps_c.yuv,0.65604,0.78662,0.0,0.0,21.06711,10.78998,0.0,0.0,131.09569,20.80812,6e-05,0.39831,1.84454,0.05764255367184227,0.04730393569361945
TouchdownPassp1_1080_30fps_d.yuv,0.13728,0.78336,0.0,0.0,3.49837,6.78482,0.0,0.01435,126.13876,21.61775,0.00016,1.88655,1.38344,0.07173750255092691,0.0512015637192857
TouchdownPassp1_1080_30fps_f.yuv,0.43183,0.87068,0.0,0.0,10.77819,8.63637,0.0,0.0,129.56459,21.32414,4e-05,0.7018,1.6774,0.06699627114909296,0.05113697953415822
TouchdownPassp1_1080_30fps_i.yuv,0.12907,0.53319,0.0,0.0,1.67953,7.08909,0.0,0.0,128.23558,21.01654,0.01032,2.13911,1.39003,0.1457491980087165,0.04674830783721001
TouchdownPassp1_1080_30fps_j.yuv,0.45177,0.73978,0.0,0.0,3.27902,7.13238,0.0,0.0,130.71648,21.42978,0.00214,1.89472,1.44533,0.09428183318810844,0.039759471564281675
TouchdownPassp1_1080_30fps_o.yuv,0.13456,0.8327,0.0,0.0,4.16631,7.19442,0.0,0.0,131.10048,21.62206,0.00017,1.77358,1.45658,0.07150148760737576,0.05301385185373029
TouchdownPassp2_1080_30fps_a.yuv,0.13584,0.9571,0.0,0.0,50.05948,15.48144,0.0,0.0,127.25941,29.83727,0.0,1.01919,1.49365,0.05681547928901482,0.06639498177275613
TouchdownPassp2_1080_30fps_c.yuv,0.5517,0.87253,0.0,0.0,16.93124,9.38998,0.0,0.0,128.57741,29.51774,4e-05,0.40489,1.75102,0.07452153283031489,0.06345172400760146
TouchdownPassp2_1080_30fps_d.yuv,0.16028,0.76808,0.0,0.0,4.7448,7.12047,0.0,0.06695,124.99582,29.91449,0.00022,1.89534,1.46451,0.08583471217297109,0.062054598553667975
TouchdownPassp2_1080_30fps_f.yuv,0.42244,0.89018,0.0,0.0,14.35363,9.15207,0.0,0.0,126.56904,29.45691,8e-05,0.7196,1.71369,0.07681506986848849,0.06441887408233755
TouchdownPassp2_1080_30fps_i.yuv,0.13742,0.48413,0.0,0.0,1.21341,7.41295,0.0,0.0,126.0,29.35434,0.01051,2.33166,1.43474,0.1747764822815023,0.059820621978778056
TouchdownPassp2_1080_30fps_j.yuv,0.45554,0.74728,0.0,0.0,4.44476,7.3383,0.0,0.0,128.23077,29.74172,0.00255,1.89166,1.47811,0.11314510309281339,0.050762179431955066
TouchdownPassp2_1080_30fps_o.yuv,0.15152,0.85398,0.0,0.0,5.70293,7.37352,0.0,0.0,128.42259,29.95807,0.00019,1.72446,1.50023,0.0854434079938227,0.06768152851308369
JumpRope_2__2160_30fps_a.yuv,0.125,0.97278,0.0,0.0,0.82699,11.41362,0.0,0.0,123.311,48.85428,0.0,1.51338,39.33466,0.13872119068459884,0.08940909270817525
JumpRope_2__2160_30fps_c.yuv,0.12504,0.92589,0.0,0.0,0.17683,6.89449,0.0,0.0,124.96651,48.98723,0.00878,2.85944,46.58166,0.1568832644265397,0.09114095039797444
JumpRope_2__2160_30fps_d.yuv,0.13942,0.89985,0.0,0.0,0.16144,6.43887,0.0,0.10048,120.74163,48.9833,0.00271,2.9464,39.0325,0.15674478459401675,0.0808602793910708
JumpRope_2__2160_30fps_f.yuv,0.16191,0.98034,0.0,0.0,0.47404,8.29086,0.0,0.0,123.39713,48.9018,0.00163,0.92347,51.81379,0.16006911731234488,0.08962961586748729
JumpRope_2__2160_30fps_i.yuv,0.125,1.00336,0.0,0.0,59.44115,6.98585,0.0,0.0,122.22115,48.98516,1.26678,3.56487,43.77307,0.15334417995059588,0.09133566104078465
JumpRope_2__2160_30fps_j.yuv,0.44922,0.9563,0.0,0.0,12.16999,6.70643,0.0,0.0,123.69732,48.97962,0.28529,3.05249,41.81513,0.15641470867582227,0.06859051150590513
JumpRope_2__2160_30fps_o.yuv,0.125,0.96545,0.0,0.0,0.17053,6.71346,0.0,0.0,124.96172,48.98644,0.00386,2.90655,44.11199,0.15705606898079455,0.09118925562344285
