video,bitrate,framerate,resolution,,bitrate,framerate,resolution
A001.mp4,19924412,29.99290168,2073600,,0.006491918,0.129606525,0.242990654
A002.mp4,10882542,29.98007968,2073600,,0.003463263,0.129482753,0.242990654
A003.mp4,17935662,29.97502082,2073600,,0.005825769,0.129433919,0.242990654
A004.mp4,21669449,29.99953178,2073600,,0.007076434,0.129670527,0.242990654
A005.mp4,16022596,30,2073600,,0.00518497,0.129675046,0.242990654
A006.mp4,21644543,30.00780934,2073600,,0.007068092,0.129750431,0.242990654
A007.mp4,16753618,29.97502082,2073600,,0.005429833,0.129433919,0.242990654
A008.mp4,15365270,29.98001332,2073600,,0.004964793,0.129482113,0.242990654
A009.mp4,16169425,29.98001332,2073600,,0.005234152,0.129482113,0.242990654
A010.mp4,21698492,30.00817498,2073600,,0.007086162,0.12975396,0.242990654
A011.mp4,16987750,29.98017977,2073600,,0.005508257,0.129483719,0.242990654
A012.mp4,16928331,29.90016667,2073600,,0.005488354,0.128711343,0.242990654
A013.mp4,10728535,29.98007968,2073600,,0.003411677,0.129482753,0.242990654
A014.mp4,15307688,29.98001332,2073600,,0.004945505,0.129482113,0.242990654
A015.mp4,16994922,29.98827125,2073600,,0.00551066,0.129561827,0.242990654
A016.mp4,16921455,29.89744211,2073600,,0.005486051,0.128685043,0.242990654
A017.mp4,17088272,30.00897278,2073600,,0.005541928,0.129761662,0.242990654
A018.mp4,15496118,29.98001332,2073600,,0.005008622,0.129482113,0.242990654
A019.mp4,10665206,29.98007968,2073600,,0.003390465,0.129482753,0.242990654
A020.mp4,16992500,29.98364226,2073600,,0.005509848,0.129517143,0.242990654
A021.mp4,16995255,29.85005091,2073600,,0.005510771,0.12822757,0.242990654
A022.mp4,17087855,30.00498422,2073600,,0.005541788,0.12972316,0.242990654
A023.mp4,15177783,29.98001332,2073600,,0.004901993,0.129482113,0.242990654
A024.mp4,14728795,29.98001332,2073600,,0.0047516,0.129482113,0.242990654
A025.mp4,16952804,29.92558505,2073600,,0.005496552,0.12895671,0.242990654
A026.mp4,16986253,29.97581951,2073600,,0.005507756,0.129441629,0.242990654
A027.mp4,15459406,29.98001332,2073600,,0.004996325,0.129482113,0.242990654
A028.mp4,10238678,29.82937068,2073600,,0.003247595,0.128027941,0.242990654
A029.mp4,15407115,29.9850075,2073600,,0.004978809,0.129530322,0.242990654
A030.mp4,17160957,30.0055492,2073600,,0.005566274,0.129728613,0.242990654
A031.mp4,16971495,29.92959893,2073600,,0.005502812,0.128995456,0.242990654
A032.mp4,10475913,29.98007968,2073600,,0.003327059,0.129482753,0.242990654
A033.mp4,16970358,29.94828929,2073600,,0.005502432,0.129175877,0.242990654
A034.mp4,10775987,29.98007968,2073600,,0.003427572,0.129482753,0.242990654
A035.mp4,11407334,29.98007968,2073600,,0.003639047,0.129482753,0.242990654
A036.mp4,16951276,29.91394754,2073600,,0.00549604,0.128844371,0.242990654
A037.mp4,10727557,29.98007968,2073600,,0.00341135,0.129482753,0.242990654
A038.mp4,5553312,29.925,2073600,,0.00167819,0.128951062,0.242990654
A039.mp4,16881304,29.82365145,2073600,,0.005472602,0.127972732,0.242990654
A040.mp4,17086412,30.00392078,2073600,,0.005541305,0.129712894,0.242990654
A041.mp4,16993397,29.98613974,2073600,,0.005510149,0.129541252,0.242990654
A042.mp4,17272915,30.009139,2073600,,0.005603776,0.129763266,0.242990654
A043.mp4,16772979,30.00498422,2073600,,0.005436318,0.12972316,0.242990654
A044.mp4,15194328,30,2073600,,0.004907535,0.129675046,0.242990654
A045.mp4,16996736,29.99546735,2073600,,0.005511267,0.129631292,0.242990654
A046.mp4,17136933,30.00893954,2073600,,0.005558227,0.129761341,0.242990654
A047.mp4,17093347,30.0089063,2073600,,0.005543628,0.12976102,0.242990654
A048.mp4,15730344,29.98001332,2073600,,0.005087078,0.129482113,0.242990654
A049.mp4,14740138,29.98001332,2073600,,0.0047554,0.129482113,0.242990654
A050.mp4,16991793,29.99346809,2073600,,0.005509611,0.129611993,0.242990654
A051.mp4,15744258,29.97502082,2073600,,0.005091739,0.129433919,0.242990654
A052.mp4,15000156,29.98001332,2073600,,0.004842495,0.129482113,0.242990654
A053.mp4,17132551,30.0086736,2073600,,0.00555676,0.129758774,0.242990654
A054.mp4,5144377,29.917,2073600,,0.001541214,0.128873837,0.242990654
A055.mp4,16293288,26.10948711,2073600,,0.005275641,0.092119451,0.242990654
A056.mp4,7449955,30,2073600,,0.002313488,0.129675046,0.242990654
A057.mp4,15523422,29.9850075,2073600,,0.005017768,0.129530322,0.242990654
A058.mp4,16946194,29.79804657,2073600,,0.005494338,0.127725565,0.242990654
A059.mp4,16964290,29.96673692,2073600,,0.005500399,0.129353954,0.242990654
A060.mp4,16983630,29.97428872,2073600,,0.005506877,0.129426852,0.242990654
A061.mp4,16996386,29.99376796,2073600,,0.00551115,0.129614888,0.242990654
A062.mp4,16945184,29.92163855,2073600,,0.005493999,0.128918614,0.242990654
A063.mp4,17087068,30.00584832,2073600,,0.005541525,0.129731501,0.242990654
A064.mp4,16972656,29.9615161,2073600,,0.005503201,0.129303557,0.242990654
A065.mp4,21758790,30.0081085,2073600,,0.00710636,0.129753319,0.242990654
A066.mp4,15444400,29.98001332,2073600,,0.004991298,0.129482113,0.242990654
A067.mp4,11218637,29.98007968,2073600,,0.003575841,0.129482753,0.242990654
A068.mp4,16612499,29.28347111,2073600,,0.005382564,0.122758306,0.242990654
A069.mp4,9519048,30,2073600,,0.003006549,0.129675046,0.242990654
A070.mp4,15198127,29.98001332,2073600,,0.004908807,0.129482113,0.242990654
A071.mp4,18229798,29.98001332,2073600,,0.005924292,0.129482113,0.242990654
A072.mp4,8964932,25,2073600,,0.002820943,0.081409437,0.242990654
A073.mp4,10923183,29.98007968,2073600,,0.003476876,0.129482753,0.242990654
A074.mp4,15409714,29.9850075,2073600,,0.00497968,0.129530322,0.242990654
A075.mp4,17079144,30.0089063,2073600,,0.00553887,0.12976102,0.242990654
A076.mp4,17092917,30.00897278,2073600,,0.005543484,0.129761662,0.242990654
A077.mp4,10847007,29.98007968,2073600,,0.003451361,0.129482753,0.242990654
A078.mp4,21717661,29.98552538,2073600,,0.007092583,0.129535321,0.242990654
A079.mp4,19867331,30.00006667,2073600,,0.006472799,0.12967569,0.242990654
A080.mp4,16971987,29.95436951,2073600,,0.005502977,0.12923457,0.242990654
A081.mp4,15212800,29.98001332,2073600,,0.004913722,0.129482113,0.242990654
A082.mp4,15338957,29.97502082,2073600,,0.004955979,0.129433919,0.242990654
A083.mp4,7455171,29.931,2073600,,0.002315235,0.129008981,0.242990654
A084.mp4,2465060,29.79,2073600,,0.000643753,0.127647891,0.242990654
A085.mp4,17102288,30.00887306,2073600,,0.005546623,0.129760699,0.242990654
A086.mp4,17013643,29.98001332,2073600,,0.00551693,0.129482113,0.242990654
A087.mp4,16912277,29.8408819,2073600,,0.005482977,0.12813906,0.242990654
A088.mp4,19560818,24.93259887,2073600,,0.006370129,0.080758806,0.242990654
A089.mp4,4302760,29.841,2073600,,0.001259307,0.1281402,0.242990654
A090.mp4,15530839,29.98001332,2073600,,0.005020252,0.129482113,0.242990654
A091.mp4,8526448,29.837,2073600,,0.002674069,0.128101588,0.242990654
A092.mp4,16780516,29.42343369,2073600,,0.005438842,0.124109382,0.242990654
A093.mp4,16990067,29.98214397,2073600,,0.005509033,0.12950268,0.242990654
A094.mp4,17168699,30.00558243,2073600,,0.005568868,0.129728934,0.242990654
A095.mp4,15427788,29.98001332,2073600,,0.004985734,0.129482113,0.242990654
A096.mp4,17309467,29.97502082,2073600,,0.005616019,0.129433919,0.242990654
A097.mp4,11046218,29.97510373,2073600,,0.003518088,0.12943472,0.242990654
A098.mp4,17118899,30.0089063,2073600,,0.005552187,0.12976102,0.242990654
A099.mp4,21714840,30.00844091,2073600,,0.007091638,0.129756528,0.242990654
A100.mp4,16961137,30.02503749,2073600,,0.005499343,0.129916736,0.242990654
A101.mp4,17493724,29.97502082,2073600,,0.005677738,0.129433919,0.242990654
A102.mp4,16933097,29.8223294,2073600,,0.005489951,0.12795997,0.242990654
A103.mp4,16992718,29.85074627,2073600,,0.005509921,0.128234282,0.242990654
A104.mp4,16963448,29.93606986,2073600,,0.005500117,0.129057921,0.242990654
A105.mp4,15042215,29.98001332,2073600,,0.004856583,0.129482113,0.242990654
A106.mp4,4546073,30.34677181,2073600,,0.001340807,0.133022477,0.242990654
A107.mp4,15519907,29.98001332,2073600,,0.00501659,0.129482113,0.242990654
A108.mp4,21757909,30.08328706,2073600,,0.007106064,0.130479027,0.242990654
A109.mp4,3648772,29.791,2073600,,0.001040248,0.127657544,0.242990654
A110.mp4,10767615,29.98007968,2073600,,0.003424768,0.129482753,0.242990654
B001.mp4,7880020,19.5615073,921600,,0.002457542,0.028911004,0.102803738
B002.mp4,10609223,30.00558243,921600,,0.003371713,0.129728934,0.102803738
B003.mp4,11514298,30.00588155,921600,,0.003674876,0.129731822,0.102803738
B004.mp4,10014957,30.08098213,921600,,0.003172658,0.130456777,0.102803738
B005.mp4,7537260,29.98505728,921600,,0.002342731,0.129530802,0.102803738
B006.mp4,9822388,30.00530094,921600,,0.003108155,0.129726217,0.102803738
B007.mp4,9938371,29.30507955,921600,,0.003147005,0.122966895,0.102803738
B008.mp4,10598796,30.00767638,921600,,0.00336822,0.129749147,0.102803738
B009.mp4,9963235,30.00580112,921600,,0.003155333,0.129731045,0.102803738
B010.mp4,11957951,29.79198927,921600,,0.003823481,0.127667093,0.102803738
B011.mp4,12016260,29.80568158,921600,,0.003843012,0.127799267,0.102803738
B012.mp4,11940486,29.72802515,921600,,0.003817631,0.12704964,0.102803738
B013.mp4,11939124,29.82404809,921600,,0.003817175,0.127976561,0.102803738
B014.mp4,12028571,30.00917224,921600,,0.003847136,0.129763587,0.102803738
B015.mp4,2255331,30,921600,,0.000573502,0.129675046,0.102803738
B016.mp4,7647917,29.98007968,921600,,0.002379797,0.129482753,0.102803738
B017.mp4,10647778,29.97002997,921600,,0.003384627,0.129385742,0.102803738
B018.mp4,9968907,29.9941678,921600,,0.003157233,0.129618747,0.102803738
B019.mp4,9906905,29.93587071,921600,,0.003136465,0.129055999,0.102803738
B020.mp4,3239956,30,921600,,0.000903311,0.129675046,0.102803738
B021.mp4,2455951,29.98505728,921600,,0.000640702,0.129530802,0.102803738
B022.mp4,2110859,29.98505728,921600,,0.00052511,0.129530802,0.102803738
B023.mp4,2201383,29.98505728,921600,,0.000555432,0.129530802,0.102803738
B024.mp4,2164654,29.98505728,921600,,0.000543129,0.129530802,0.102803738
B025.mp4,2325182,29.98505728,921600,,0.000596899,0.129530802,0.102803738
B026.mp4,2179552,29.98007968,921600,,0.000548119,0.129482753,0.102803738
B027.mp4,2223998,29.98007968,921600,,0.000563007,0.129482753,0.102803738
B028.mp4,7711596,29.98007968,921600,,0.002401127,0.129482753,0.102803738
B029.mp4,7736712,29.98007968,921600,,0.00240954,0.129482753,0.102803738
B030.mp4,7298306,29.98007968,921600,,0.002262692,0.129482753,0.102803738
B031.mp4,7496066,29.98007968,921600,,0.002328933,0.129482753,0.102803738
B032.mp4,8117830,29.98007968,921600,,0.002537199,0.129482753,0.102803738
B033.mp4,7533963,29.98007968,921600,,0.002341627,0.129482753,0.102803738
B034.mp4,7914465,29.98007968,921600,,0.00246908,0.129482753,0.102803738
B035.mp4,7606715,29.98007968,921600,,0.002365996,0.129482753,0.102803738
B036.mp4,7702751,29.98007968,921600,,0.002398164,0.129482753,0.102803738
B037.mp4,7501886,29.98007968,921600,,0.002330883,0.129482753,0.102803738
B038.mp4,7525416,29.98007968,921600,,0.002338764,0.129482753,0.102803738
B039.mp4,7776787,29.98007968,921600,,0.002422963,0.129482753,0.102803738
B040.mp4,7572360,29.98007968,921600,,0.002354488,0.129482753,0.102803738
B041.mp4,7489085,29.98007968,921600,,0.002326595,0.129482753,0.102803738
B042.mp4,7317482,29.98007968,921600,,0.002269115,0.129482753,0.102803738
B043.mp4,7586454,29.98007968,921600,,0.002359209,0.129482753,0.102803738
B044.mp4,7633139,29.98007968,921600,,0.002374847,0.129482753,0.102803738
B045.mp4,7586607,29.98007968,921600,,0.002359261,0.129482753,0.102803738
B046.mp4,7661317,29.98007968,921600,,0.002384285,0.129482753,0.102803738
B047.mp4,7595600,29.98007968,921600,,0.002362273,0.129482753,0.102803738
B048.mp4,8036411,29.98007968,921600,,0.002509926,0.129482753,0.102803738
B049.mp4,7617405,29.98007968,921600,,0.002369577,0.129482753,0.102803738
B050.mp4,7749337,29.98007968,921600,,0.002413768,0.129482753,0.102803738
B051.mp4,7218411,29.98007968,921600,,0.00223593,0.129482753,0.102803738
B052.mp4,7749694,29.98007968,921600,,0.002413888,0.129482753,0.102803738
B053.mp4,7573192,29.98007968,921600,,0.002354767,0.129482753,0.102803738
B054.mp4,10984966,120.1599467,921600,,0.003497571,1,0.102803738
B055.mp4,7525701,29.98007968,921600,,0.00233886,0.129482753,0.102803738
B056.mp4,7556966,29.98505728,921600,,0.002349332,0.129530802,0.102803738
B057.mp4,7790225,29.98007968,921600,,0.002427464,0.129482753,0.102803738
B058.mp4,7042354,29.98007968,921600,,0.002176958,0.129482753,0.102803738
B059.mp4,7600362,29.98007968,921600,,0.002363868,0.129482753,0.102803738
B060.mp4,7644798,29.98007968,921600,,0.002378752,0.129482753,0.102803738
B061.mp4,7456950,29.98007968,921600,,0.002315831,0.129482753,0.102803738
B062.mp4,7570243,29.98007968,921600,,0.002353779,0.129482753,0.102803738
B063.mp4,7466772,29.98505728,921600,,0.002319121,0.129530802,0.102803738
B064.mp4,7347900,29.98007968,921600,,0.002279304,0.129482753,0.102803738
B065.mp4,7640948,29.98007968,921600,,0.002377463,0.129482753,0.102803738
B066.mp4,7488109,29.98007968,921600,,0.002326268,0.129482753,0.102803738
B067.mp4,5258802,30,921600,,0.001579542,0.129675046,0.102803738
B068.mp4,7853572,30,921600,,0.002448683,0.129675046,0.102803738
B069.mp4,5038168,30,921600,,0.001505638,0.129675046,0.102803738
B070.mp4,10512891,30,921600,,0.003339446,0.129675046,0.102803738
B071.mp4,6034501,30,921600,,0.001839369,0.129675046,0.102803738
B072.mp4,8379349,30,921600,,0.002624797,0.129675046,0.102803738
B073.mp4,5938186,30,921600,,0.001807107,0.129675046,0.102803738
B074.mp4,5318608,30,921600,,0.001599574,0.129675046,0.102803738
B075.mp4,11473848,30,921600,,0.003661327,0.129675046,0.102803738
B076.mp4,8500188,30,921600,,0.002665273,0.129675046,0.102803738
B077.mp4,17942219,30,921600,,0.005827965,0.129675046,0.102803738
B078.mp4,10731410,30,921600,,0.00341264,0.129675046,0.102803738
B079.mp4,2581410,30,921600,,0.000682725,0.129675046,0.102803738
B080.mp4,4927150,30,921600,,0.001468452,0.129675046,0.102803738
B081.mp4,3525234,30,921600,,0.000998868,0.129675046,0.102803738
B082.mp4,3186862,29.91666667,921600,,0.000885527,0.12887062,0.102803738
B083.mp4,7848079,29.97,921600,,0.002446843,0.129385453,0.102803738
B084.mp4,5316780,30,921600,,0.001598962,0.129675046,0.102803738
B085.mp4,10439150,30,921600,,0.003314745,0.129675046,0.102803738
B086.mp4,7683221,30,921600,,0.002391622,0.129675046,0.102803738
B087.mp4,12986134,30,921600,,0.00416788,0.129675046,0.102803738
B088.mp4,7212589,30,921600,,0.00223398,0.129675046,0.102803738
B089.mp4,16901837,29.97002997,921600,,0.00547948,0.129385742,0.102803738
B090.mp4,5822189,29.75,921600,,0.001768253,0.127261766,0.102803738
B091.mp4,10472115,29.83333333,921600,,0.003325787,0.128066193,0.102803738
B092.mp4,5534356,30,921600,,0.001671841,0.129675046,0.102803738
B093.mp4,20275145,29.85074627,921600,,0.006609399,0.128234282,0.102803738
B094.mp4,6027928,30,921600,,0.001837167,0.129675046,0.102803738
B095.mp4,9031116,30,921600,,0.002843112,0.129675046,0.102803738
B096.mp4,4050747,29.846,921600,,0.001174893,0.128188466,0.102803738
B097.mp4,8260375,29.41666667,921600,,0.002584945,0.124044059,0.102803738
B098.mp4,19088542,29.97002997,921600,,0.006211936,0.129385742,0.102803738
B099.mp4,9767246,29.83333333,921600,,0.003089685,0.128066193,0.102803738
B100.mp4,9019298,29.97002997,921600,,0.002839153,0.129385742,0.102803738
B101.mp4,8948792,29.97002997,921600,,0.002815537,0.129385742,0.102803738
B102.mp4,16263522,29.97002997,921600,,0.005265671,0.129385742,0.102803738
B103.mp4,10122574,30,921600,,0.003208705,0.129675046,0.102803738
B104.mp4,10065727,30,921600,,0.003189664,0.129675046,0.102803738
B105.mp4,3522190,29.97002997,921600,,0.000997848,0.129385742,0.102803738
B106.mp4,8658647,29.97002997,921600,,0.00271835,0.129385742,0.102803738
B107.mp4,10443466,29.97002997,921600,,0.003316191,0.129385742,0.102803738
B108.mp4,6536590,30,921600,,0.002007548,0.129675046,0.102803738
B109.mp4,11120289,29.97002997,921600,,0.003542899,0.129385742,0.102803738
B110.mp4,13752113,29.97002997,921600,,0.004424452,0.129385742,0.102803738
B111.mp4,7364082,30,921600,,0.002284724,0.129675046,0.102803738
B112.mp4,3986915,30,921600,,0.001153512,0.129675046,0.102803738
B113.mp4,13345531,30,921600,,0.004288264,0.129675046,0.102803738
B114.mp4,9876757,29.97002997,921600,,0.003126367,0.129385742,0.102803738
B115.mp4,5719821,30,921600,,0.001733964,0.129675046,0.102803738
B116.mp4,5931632,29.85074627,921600,,0.001804912,0.128234282,0.102803738
B117.mp4,6540144,30,921600,,0.002008739,0.129675046,0.102803738
B118.mp4,12586494,24,921600,,0.004034017,0.071756315,0.102803738
B119.mp4,12133188,30,921600,,0.003882178,0.129675046,0.102803738
B120.mp4,6217843,29.97002997,921600,,0.001900781,0.129385742,0.102803738
B121.mp4,7545922,30,921600,,0.002345633,0.129675046,0.102803738
B122.mp4,8998681,29.97002997,921600,,0.002832247,0.129385742,0.102803738
B123.mp4,6455348,30,921600,,0.001980335,0.129675046,0.102803738
B124.mp4,3136717,30,921600,,0.00086873,0.129675046,0.102803738
B125.mp4,6554616,30,921600,,0.002013586,0.129675046,0.102803738
B126.mp4,4255869,30,921600,,0.0012436,0.129675046,0.102803738
B127.mp4,6324884,29.97002997,921600,,0.001936635,0.129385742,0.102803738
B128.mp4,7565774,29.97002997,921600,,0.002352282,0.129385742,0.102803738
B129.mp4,16244180,29.97002997,921600,,0.005259192,0.129385742,0.102803738
B130.mp4,4674811,29.97,921600,,0.001383929,0.129385453,0.102803738
B131.mp4,9603093,29.97002997,921600,,0.003034701,0.129385742,0.102803738
B132.mp4,5518419,20.027,921600,,0.001666503,0.033404462,0.102803738
B133.mp4,6796943,29.97002997,921600,,0.002094756,0.129385742,0.102803738
B134.mp4,4598565,30,921600,,0.001358389,0.129675046,0.102803738
B135.mp4,10986435,29.97002997,921600,,0.003498063,0.129385742,0.102803738
B136.mp4,8420035,29.97002997,921600,,0.002638425,0.129385742,0.102803738
B137.mp4,15575065,30,921600,,0.005035066,0.129675046,0.102803738
B138.mp4,3231912,30,921600,,0.000900617,0.129675046,0.102803738
B139.mp4,15978289,30,921600,,0.005170129,0.129675046,0.102803738
B140.mp4,7886460,29.97002997,921600,,0.002459699,0.129385742,0.102803738
B141.mp4,8701756,29.97002997,921600,,0.00273279,0.129385742,0.102803738
B142.mp4,8723137,30,921600,,0.002739951,0.129675046,0.102803738
B143.mp4,8603873,30,921600,,0.002700003,0.129675046,0.102803738
B144.mp4,3307824,29.97002997,921600,,0.000926044,0.129385742,0.102803738
B145.mp4,9882220,29.97002997,921600,,0.003128197,0.129385742,0.102803738
B146.mp4,8470707,29.83333333,921600,,0.002655398,0.128066193,0.102803738
B147.mp4,9879764,29.83333333,921600,,0.003127374,0.128066193,0.102803738
B148.mp4,6237310,29.91666667,921600,,0.001907302,0.12887062,0.102803738
B149.mp4,7141937,30,921600,,0.002210314,0.129675046,0.102803738
B150.mp4,6238649,29.85074627,921600,,0.00190775,0.128234282,0.102803738
B151.mp4,5405303,29.91666667,921600,,0.001628613,0.12887062,0.102803738
B152.mp4,8572705,23.9190738,921600,,0.002689563,0.070975125,0.102803738
B153.mp4,5641536,29.662,921600,,0.001707742,0.126412291,0.102803738
B154.mp4,3854303,29.90700104,921600,,0.001109092,0.128777316,0.102803738
B155.mp4,6122442,29.97002997,921600,,0.001868826,0.129385742,0.102803738
B156.mp4,11550271,30,921600,,0.003686925,0.129675046,0.102803738
B157.mp4,6119057,30,921600,,0.001867692,0.129675046,0.102803738
B158.mp4,10585150,29.97002997,921600,,0.003363649,0.129385742,0.102803738
B159.mp4,10402521,30,921600,,0.003302476,0.129675046,0.102803738
B160.mp4,10152951,29.834,921600,,0.00321888,0.128072628,0.102803738
B161.mp4,5661189,30,921600,,0.001714325,0.129675046,0.102803738
B162.mp4,4677507,29.75,921600,,0.001384832,0.127261766,0.102803738
B163.mp4,6387275,29.785,921600,,0.001957534,0.127599625,0.102803738
B164.mp4,6618687,29.97002997,921600,,0.002035047,0.129385742,0.102803738
B165.mp4,5380244,29.97002997,921600,,0.00162022,0.129385742,0.102803738
B166.mp4,6271305,30,921600,,0.001918689,0.129675046,0.102803738
B167.mp4,9060540,30,921600,,0.002852968,0.129675046,0.102803738
B168.mp4,10285566,29.97002997,921600,,0.003263301,0.129385742,0.102803738
B169.mp4,4872518,30,921600,,0.001450152,0.129675046,0.102803738
B170.mp4,7385182,29.91666667,921600,,0.002291792,0.12887062,0.102803738
B171.mp4,2987410,29.97002997,921600,,0.000818719,0.129385742,0.102803738
B172.mp4,6217736,29.97002997,921600,,0.001900745,0.129385742,0.102803738
B173.mp4,9750357,30,921600,,0.003084028,0.129675046,0.102803738
B174.mp4,5200160,30,921600,,0.001559899,0.129675046,0.102803738
B175.mp4,6706030,29.91666667,921600,,0.002064304,0.12887062,0.102803738
B176.mp4,17046588,29.97002997,921600,,0.005527966,0.129385742,0.102803738
B177.mp4,4115785,30,921600,,0.001196678,0.129675046,0.102803738
B178.mp4,9009139,30,921600,,0.00283575,0.129675046,0.102803738
B179.mp4,8485060,30,921600,,0.002660205,0.129675046,0.102803738
B180.mp4,6768142,29.97002997,921600,,0.002085108,0.129385742,0.102803738
B181.mp4,3996529,29.83333333,921600,,0.001156732,0.128066193,0.102803738
B182.mp4,8165238,29.97002997,921600,,0.002553078,0.129385742,0.102803738
B183.mp4,10487463,29.97002997,921600,,0.003330928,0.129385742,0.102803738
B184.mp4,9398680,30,921600,,0.002966231,0.129675046,0.102803738
B185.mp4,7977691,30,921600,,0.002490258,0.129675046,0.102803738
B186.mp4,3272202,29.97002997,921600,,0.000914112,0.129385742,0.102803738
B187.mp4,5377536,29.97002997,921600,,0.001619313,0.129385742,0.102803738
B188.mp4,8928475,30,921600,,0.002808731,0.129675046,0.102803738
B189.mp4,6796806,29.97002997,921600,,0.00209471,0.129385742,0.102803738
B190.mp4,9852283,29.97,921600,,0.003118169,0.129385453,0.102803738
B191.mp4,9890508,29.97002997,921600,,0.003130973,0.129385742,0.102803738
B192.mp4,10281561,30,921600,,0.003261959,0.129675046,0.102803738
B193.mp4,15559274,29.97002997,921600,,0.005029776,0.129385742,0.102803738
B194.mp4,17439638,30,921600,,0.005659621,0.129675046,0.102803738
B195.mp4,2592196,29.91666667,921600,,0.000686338,0.12887062,0.102803738
B196.mp4,11631846,30,921600,,0.003714249,0.129675046,0.102803738
B197.mp4,5865133,29.787,921600,,0.001782638,0.127618931,0.102803738
B198.mp4,8460689,29.97002997,921600,,0.002652042,0.129385742,0.102803738
B199.mp4,2735446,29.97,921600,,0.000734321,0.129385453,0.102803738
B200.mp4,6958758,29.97002997,921600,,0.002148957,0.129385742,0.102803738
B201.mp4,7448560,30,921600,,0.002313021,0.129675046,0.102803738
B202.mp4,6333003,29.97002997,921600,,0.001939355,0.129385742,0.102803738
B203.mp4,22955977,29.97002997,921600,,0.007507368,0.129385742,0.102803738
B204.mp4,10436202,29.97002997,921600,,0.003313758,0.129385742,0.102803738
B205.mp4,4865873,30,921600,,0.001447927,0.129675046,0.102803738
B206.mp4,4288213,29.91666667,921600,,0.001254434,0.12887062,0.102803738
B207.mp4,20987395,29.97002997,921600,,0.006847974,0.129385742,0.102803738
B208.mp4,4899712,25.25,921600,,0.001459261,0.083822717,0.102803738
B209.mp4,8252394,30,921600,,0.002582272,0.129675046,0.102803738
B210.mp4,10473192,29.97002997,921600,,0.003326148,0.129385742,0.102803738
B211.mp4,9651014,29.97002997,921600,,0.003050752,0.129385742,0.102803738
B212.mp4,8578091,29.41666667,921600,,0.002691367,0.124044059,0.102803738
B213.mp4,9039133,29.97002997,921600,,0.002845797,0.129385742,0.102803738
B214.mp4,5787281,29.97002997,921600,,0.00175656,0.129385742,0.102803738
B215.mp4,12086285,30,921600,,0.003866468,0.129675046,0.102803738
B216.mp4,28572306,30,921600,,0.009388607,0.129675046,0.102803738
B217.mp4,7772597,29.97002997,921600,,0.00242156,0.129385742,0.102803738
B218.mp4,9190535,29.97002997,921600,,0.002896511,0.129385742,0.102803738
B219.mp4,15139638,29.97002997,921600,,0.004889216,0.129385742,0.102803738
B220.mp4,4272991,29.97002997,921600,,0.001249335,0.129385742,0.102803738
B221.mp4,3822878,30,921600,,0.001098566,0.129675046,0.102803738
B222.mp4,11991353,24,921600,,0.00383467,0.071756315,0.102803738
B223.mp4,3258101,29.97002997,921600,,0.000909389,0.129385742,0.102803738
B224.mp4,21125021,29.97002997,921600,,0.006894073,0.129385742,0.102803738
B225.mp4,5354449,30,921600,,0.001611579,0.129675046,0.102803738
B226.mp4,11105555,29.83333333,921600,,0.003537964,0.128066193,0.102803738
B227.mp4,6767240,29.97002997,921600,,0.002084806,0.129385742,0.102803738
B228.mp4,12447264,30,921600,,0.003987381,0.129675046,0.102803738
B229.mp4,11934895,29.97002997,921600,,0.003815758,0.129385742,0.102803738
B230.mp4,6172191,29.91,921600,,0.001885489,0.128806265,0.102803738
B231.mp4,11311481,29.97002997,921600,,0.00360694,0.129385742,0.102803738
B232.mp4,7648697,29.8,921600,,0.002380058,0.127744422,0.102803738
B233.mp4,4249629,29.85074627,921600,,0.00124151,0.128234282,0.102803738
B234.mp4,5520658,30,921600,,0.001667253,0.129675046,0.102803738
B235.mp4,18522936,30,921600,,0.006022481,0.129675046,0.102803738
B236.mp4,9545334,29.84,921600,,0.003015354,0.128130547,0.102803738
B237.mp4,8241662,30,921600,,0.002578677,0.129675046,0.102803738
B238.mp4,3913219,29.85074627,921600,,0.001128827,0.128234282,0.102803738
B239.mp4,9845071,30,921600,,0.003115753,0.129675046,0.102803738
B240.mp4,5341947,29.842,921600,,0.001607392,0.128149853,0.102803738
B241.mp4,4039679,29.91666667,921600,,0.001171185,0.12887062,0.102803738
B242.mp4,12318960,30,921600,,0.003944404,0.129675046,0.102803738
B243.mp4,10198910,29.85074627,921600,,0.003234275,0.128234282,0.102803738
B244.mp4,11146540,30,921600,,0.003551692,0.129675046,0.102803738
B245.mp4,8418554,30,921600,,0.002637929,0.129675046,0.102803738
B246.mp4,9325996,30,921600,,0.002941884,0.129675046,0.102803738
B247.mp4,6699294,30,921600,,0.002062047,0.129675046,0.102803738
B248.mp4,11282002,29.97002997,921600,,0.003597066,0.129385742,0.102803738
B249.mp4,8925373,30,921600,,0.002807692,0.129675046,0.102803738
B250.mp4,12274306,29.85074627,921600,,0.003929447,0.128234282,0.102803738
B251.mp4,5185816,29.97002997,921600,,0.001555094,0.129385742,0.102803738
B252.mp4,6456196,29.953,921600,,0.001980619,0.12922135,0.102803738
B253.mp4,8615995,30,921600,,0.002704063,0.129675046,0.102803738
B254.mp4,5657117,30,921600,,0.001712961,0.129675046,0.102803738
B255.mp4,3015861,29.83333333,921600,,0.000828249,0.128066193,0.102803738
B256.mp4,7297764,30,921600,,0.00226251,0.129675046,0.102803738
B257.mp4,5342019,29.97002997,921600,,0.001607416,0.129385742,0.102803738
B258.mp4,9288585,29.97002997,921600,,0.002929353,0.129385742,0.102803738
B259.mp4,5541573,29.97002997,921600,,0.001674258,0.129385742,0.102803738
B260.mp4,11113786,24,921600,,0.003540721,0.071756315,0.102803738
B261.mp4,10417658,30,921600,,0.003307546,0.129675046,0.102803738
B262.mp4,9561330,29.97002997,921600,,0.003020712,0.129385742,0.102803738
B263.mp4,13634994,30,921600,,0.004385222,0.129675046,0.102803738
B264.mp4,9192243,30,921600,,0.002897083,0.129675046,0.102803738
B265.mp4,5633236,30,921600,,0.001704962,0.129675046,0.102803738
B266.mp4,9715955,29.97002997,921600,,0.003072505,0.129385742,0.102803738
B267.mp4,4714324,29.97002997,921600,,0.001397164,0.129385742,0.102803738
B268.mp4,5831094,29.91666667,921600,,0.001771236,0.12887062,0.102803738
B269.mp4,11338326,29.83333333,921600,,0.003615932,0.128066193,0.102803738
B270.mp4,6702200,29.97002997,921600,,0.002063021,0.129385742,0.102803738
B271.mp4,13351215,30,921600,,0.004290167,0.129675046,0.102803738
B272.mp4,5905567,24,921600,,0.001796181,0.071756315,0.102803738
B273.mp4,8139510,30,921600,,0.00254446,0.129675046,0.102803738
B274.mp4,9502187,30,921600,,0.003000901,0.129675046,0.102803738
B275.mp4,12310258,29.97002997,921600,,0.00394149,0.129385742,0.102803738
B276.mp4,6235013,29.97002997,921600,,0.001906532,0.129385742,0.102803738
B277.mp4,4032569,29.97002997,921600,,0.001168804,0.129385742,0.102803738
B278.mp4,6939476,29.97002997,921600,,0.002142498,0.129385742,0.102803738
B279.mp4,7930874,30,921600,,0.002474576,0.129675046,0.102803738
B280.mp4,5243266,30,921600,,0.001574338,0.129675046,0.102803738
B281.mp4,6851586,29.97002997,921600,,0.002113059,0.129385742,0.102803738
B282.mp4,3644621,29.91666667,921600,,0.001038857,0.12887062,0.102803738
B283.mp4,5765299,29.62,921600,,0.001749197,0.12600686,0.102803738
B284.mp4,4768712,29.97002997,921600,,0.001415382,0.129385742,0.102803738
B285.mp4,5694568,29.97002997,921600,,0.001725505,0.129385742,0.102803738
B286.mp4,9479518,30,921600,,0.002993308,0.129675046,0.102803738
B287.mp4,7440234,30,921600,,0.002310232,0.129675046,0.102803738
B288.mp4,11792890,29.97002997,921600,,0.003768193,0.129385742,0.102803738
B289.mp4,12819465,29.97002997,921600,,0.004112053,0.129385742,0.102803738
B290.mp4,14210453,30,921600,,0.004577977,0.129675046,0.102803738
B291.mp4,7069176,30,921600,,0.002185943,0.129675046,0.102803738
B292.mp4,7580434,30,921600,,0.002357193,0.129675046,0.102803738
B293.mp4,4696002,30,921600,,0.001391027,0.129675046,0.102803738
B294.mp4,4923371,30,921600,,0.001467186,0.129675046,0.102803738
B295.mp4,11380641,29.97002997,921600,,0.003630106,0.129385742,0.102803738
B296.mp4,4554411,29.937,921600,,0.0013436,0.1290669,0.102803738
B297.mp4,6003462,30,921600,,0.001828972,0.129675046,0.102803738
B298.mp4,4535050,30,921600,,0.001337114,0.129675046,0.102803738
B299.mp4,12784514,30,921600,,0.004100346,0.129675046,0.102803738
B300.mp4,3460532,30,921600,,0.000977195,0.129675046,0.102803738
B301.mp4,6309452,30,921600,,0.001931466,0.129675046,0.102803738
B302.mp4,15779650,29.97002997,921600,,0.005103593,0.129385742,0.102803738
B303.mp4,8215225,24,921600,,0.002569822,0.071756315,0.102803738
B304.mp4,5074972,29.97002997,921600,,0.001517966,0.129385742,0.102803738
B305.mp4,7695818,29.97002997,921600,,0.002395842,0.129385742,0.102803738
B306.mp4,5987612,30,921600,,0.001823663,0.129675046,0.102803738
B307.mp4,3935224,29.83333333,921600,,0.001136197,0.128066193,0.102803738
B308.mp4,6973000,30,921600,,0.002153727,0.129675046,0.102803738
B309.mp4,6477029,30,921600,,0.001987598,0.129675046,0.102803738
B310.mp4,11217880,30,921600,,0.003575588,0.129675046,0.102803738
B311.mp4,14962680,30,921600,,0.004829942,0.129675046,0.102803738
B312.mp4,5871855,30,921600,,0.001784889,0.129675046,0.102803738
B313.mp4,13123451,30,921600,,0.004213876,0.129675046,0.102803738
B314.mp4,4526784,29.97002997,921600,,0.001334346,0.129385742,0.102803738
B315.mp4,12407336,30,921600,,0.003974007,0.129675046,0.102803738
B316.mp4,7800194,30,921600,,0.002430803,0.129675046,0.102803738
C001.mp4,4671384,29.98007968,518400,,0.001382781,0.129482753,0.053738318
D001.mp4,797698,16.56651723,360000,,8.52551E-05,0,0.034462617
E001.mp4,3101534,30.00578185,307200,,0.000856945,0.129730859,0.028037383
F001.mp4,2571120,30.02001334,307200,,0.000679279,0.129868238,0.028037383
F002.mp4,3075409,29.97891483,307200,,0.000848195,0.129471509,0.028037383
F003.mp4,3074153,29.96497427,307200,,0.000847774,0.129336939,0.028037383
F004.mp4,3077058,29.99516745,307200,,0.000848747,0.129628397,0.028037383
F005.mp4,3080772,29.98733868,307200,,0.000849991,0.129552825,0.028037383
F006.mp4,3624813,29.97002997,307200,,0.001032222,0.129385742,0.028037383
F007.mp4,3528273,29.97502082,307200,,0.000999886,0.129433919,0.028037383
G001.mp4,1869560,30,290880,,0.000444285,0.129675046,0.026051402
G002.mp4,4166531,30,290880,,0.001213676,0.129675046,0.026051402
G003.mp4,1206735,30,290880,,0.000222266,0.129675046,0.026051402
G004.mp4,2326642,30,290880,,0.000597388,0.129675046,0.026051402
G005.mp4,543174,30,290880,,0,0.129675046,0.026051402
G006.mp4,997868,30,290880,,0.000152304,0.129675046,0.026051402
G007.mp4,3429303,29.97002997,290880,,0.000966735,0.129385742,0.026051402
G008.mp4,5471999,29.97002997,290880,,0.001650954,0.129385742,0.026051402
G009.mp4,3628270,29.97002997,290880,,0.00103338,0.129385742,0.026051402
G010.mp4,3366064,29.97002997,290880,,0.000945552,0.129385742,0.026051402
G011.mp4,2236247,29.97002997,290880,,0.00056711,0.129385742,0.026051402
G012.mp4,9462253,29.97002997,290880,,0.002987525,0.129385742,0.026051402
G013.mp4,1748618,20.027,290880,,0.000403774,0.033404462,0.026051402
G014.mp4,1998672,29.97002997,290880,,0.000487532,0.129385742,0.026051402
G015.mp4,2226417,29.97002997,290880,,0.000563817,0.129385742,0.026051402
G016.mp4,2129026,29.97002997,290880,,0.000531195,0.129385742,0.026051402
G017.mp4,3695555,30,290880,,0.001055918,0.129675046,0.026051402
G018.mp4,2474858,30,290880,,0.000647035,0.129675046,0.026051402
G019.mp4,2367494,30,290880,,0.000611072,0.129675046,0.026051402
G020.mp4,1621809,30,290880,,0.000361298,0.129675046,0.026051402
G021.mp4,2229946,30,290880,,0.000564999,0.129675046,0.026051402
G022.mp4,1195524,30,290880,,0.00021851,0.129675046,0.026051402
G023.mp4,6252331,30,290880,,0.001912333,0.129675046,0.026051402
G024.mp4,1873326,30,290880,,0.000445546,0.129675046,0.026051402
G025.mp4,1561336,30,290880,,0.000341042,0.129675046,0.026051402
G026.mp4,2717438,30,290880,,0.000728289,0.129675046,0.026051402
G027.mp4,1532787,30,290880,,0.00033148,0.129675046,0.026051402
G028.mp4,2586184,30,290880,,0.000684324,0.129675046,0.026051402
G029.mp4,2890620,30,290880,,0.000786298,0.129675046,0.026051402
G030.mp4,1841075,29.97002997,290880,,0.000434744,0.129385742,0.026051402
G031.mp4,2127824,29.97002997,290880,,0.000530793,0.129385742,0.026051402
G032.mp4,1394066,29.97002997,290880,,0.000285014,0.129385742,0.026051402
G033.mp4,1768876,29.97002997,290880,,0.00041056,0.129385742,0.026051402
G034.mp4,2888489,29.97002997,290880,,0.000785584,0.129385742,0.026051402
G035.mp4,1040918,29.97002997,290880,,0.000166724,0.129385742,0.026051402
G036.mp4,2947101,29.97002997,290880,,0.000805217,0.129385742,0.026051402
G037.mp4,2230750,29.97002997,290880,,0.000565269,0.129385742,0.026051402
G038.mp4,2646833,29.97002997,290880,,0.000704639,0.129385742,0.026051402
G039.mp4,2917747,29.97002997,290880,,0.000795384,0.129385742,0.026051402
G040.mp4,1804349,29.97002997,290880,,0.000422442,0.129385742,0.026051402
G041.mp4,2697002,29.85074627,290880,,0.000721444,0.128234282,0.026051402
G042.mp4,4718013,29.83333333,290880,,0.0013984,0.128066193,0.026051402
G043.mp4,1423538,29.83333333,290880,,0.000294886,0.128066193,0.026051402
G044.mp4,1464752,29.79145978,290880,,0.000308691,0.127661982,0.026051402
G045.mp4,3071845,29.85074627,290880,,0.000847001,0.128234282,0.026051402
G046.mp4,2565161,29.85074627,290880,,0.000677283,0.128234282,0.026051402
G047.mp4,2994565,30,290880,,0.000821115,0.129675046,0.026051402
G048.mp4,6543960,30,290880,,0.002010017,0.129675046,0.026051402
G049.mp4,1396194,29.91666667,290880,,0.000285727,0.12887062,0.026051402
G050.mp4,1806680,30,290880,,0.000423223,0.129675046,0.026051402
G051.mp4,6014892,30,290880,,0.001832801,0.129675046,0.026051402
G052.mp4,5264469,30,290880,,0.00158144,0.129675046,0.026051402
G053.mp4,1481411,30,290880,,0.000314271,0.129675046,0.026051402
G054.mp4,1831832,30,290880,,0.000431647,0.129675046,0.026051402
G055.mp4,2204312,30,290880,,0.000556413,0.129675046,0.026051402
G056.mp4,2235334,29.97002997,290880,,0.000566804,0.129385742,0.026051402
G057.mp4,3906056,30,290880,,0.001126427,0.129675046,0.026051402
G058.mp4,2715611,30,290880,,0.000727677,0.129675046,0.026051402
G059.mp4,2911163,30,290880,,0.000793179,0.129675046,0.026051402
G060.mp4,2450397,30,290880,,0.000638841,0.129675046,0.026051402
G061.mp4,3691736,30,290880,,0.001054639,0.129675046,0.026051402
G062.mp4,2588692,24,290880,,0.000685164,0.071756315,0.026051402
G063.mp4,2135118,20.16666667,290880,,0.000533236,0.034752681,0.026051402
G065.mp4,1365433,24.25,290880,,0.000275423,0.074169596,0.026051402
G066.mp4,1001169,20.2020202,290880,,0.00015341,0.035093953,0.026051402
G067.mp4,1147950,29.83333333,290880,,0.000202575,0.128066193,0.026051402
G068.mp4,1877276,29.85074627,290880,,0.000446869,0.128234282,0.026051402
G069.mp4,1032572,29.83333333,290880,,0.000163928,0.128066193,0.026051402
G070.mp4,5971384,30,290880,,0.001818227,0.129675046,0.026051402
G071.mp4,5919311,30,290880,,0.001800785,0.129675046,0.026051402
G072.mp4,1479618,29.97002997,290880,,0.00031367,0.129385742,0.026051402
G073.mp4,2177430,30,290880,,0.000547409,0.129675046,0.026051402
G074.mp4,2205880,29.97002997,290880,,0.000556938,0.129385742,0.026051402
G075.mp4,1847991,29.851,290880,,0.00043706,0.128236731,0.026051402
G076.mp4,1347538,29.839,290880,,0.000269429,0.128120894,0.026051402
G077.mp4,3337300,29.83333333,290880,,0.000935917,0.128066193,0.026051402
G078.mp4,2569445,29.83333333,290880,,0.000678718,0.128066193,0.026051402
G079.mp4,834032,30,290880,,9.74255E-05,0.129675046,0.026051402
G080.mp4,910002,29.91666667,290880,,0.000122872,0.12887062,0.026051402
G081.mp4,2495439,24,290880,,0.000653929,0.071756315,0.026051402
G082.mp4,2536504,29.97002997,290880,,0.000667684,0.129385742,0.026051402
G083.mp4,1744117,29.97002997,290880,,0.000402267,0.129385742,0.026051402
G084.mp4,2480908,30,290880,,0.000649061,0.129675046,0.026051402
G085.mp4,1471472,29.97002997,290880,,0.000310942,0.129385742,0.026051402
G086.mp4,3244842,29.97002997,290880,,0.000904948,0.129385742,0.026051402
G087.mp4,2858296,29.97002997,290880,,0.000775471,0.129385742,0.026051402
G088.mp4,1646997,29.97002997,290880,,0.000369735,0.129385742,0.026051402
G089.mp4,2996585,24,290880,,0.000821792,0.071756315,0.026051402
G090.mp4,2072557,29.97002997,290880,,0.00051228,0.129385742,0.026051402
G091.mp4,975249,29.97002997,290880,,0.000144727,0.129385742,0.026051402
G092.mp4,1573237,29.97002997,290880,,0.000345029,0.129385742,0.026051402
G093.mp4,982880,29.97002997,290880,,0.000147283,0.129385742,0.026051402
G094.mp4,1796980,29.97002997,290880,,0.000419973,0.129385742,0.026051402
G095.mp4,2005619,29.97002997,290880,,0.000489859,0.129385742,0.026051402
G096.mp4,1977346,29.97002997,290880,,0.000480389,0.129385742,0.026051402
G097.mp4,3381138,29.97002997,290880,,0.000950601,0.129385742,0.026051402
G098.mp4,3720604,29.97002997,290880,,0.001064308,0.129385742,0.026051402
G099.mp4,4419704,29.97002997,290880,,0.001298478,0.129385742,0.026051402
G100.mp4,3778990,30,290880,,0.001083865,0.129675046,0.026051402
G101.mp4,2543185,29.97002997,290880,,0.000669922,0.129385742,0.026051402
G102.mp4,3043815,29.97002997,290880,,0.000837612,0.129385742,0.026051402
G103.mp4,1564912,29.97002997,290880,,0.00034224,0.129385742,0.026051402
G104.mp4,6445146,29.97002997,290880,,0.001976918,0.129385742,0.026051402
G105.mp4,3566529,30,290880,,0.0010127,0.129675046,0.026051402
G106.mp4,2325202,29.97002997,290880,,0.000596906,0.129385742,0.026051402
G107.mp4,4014897,30,290880,,0.001162885,0.129675046,0.026051402
G108.mp4,3969900,24,290880,,0.001147812,0.071756315,0.026051402
G109.mp4,2351917,30,290880,,0.000605855,0.129675046,0.026051402
G110.mp4,2605470,30,290880,,0.000690784,0.129675046,0.026051402
G111.mp4,1851906,30,290880,,0.000438371,0.129675046,0.026051402
G112.mp4,1414245,30,290880,,0.000291773,0.129675046,0.026051402
G113.mp4,3155502,29.97002997,290880,,0.000875023,0.129385742,0.026051402
G114.mp4,2406609,30,290880,,0.000624174,0.129675046,0.026051402
G115.mp4,3082534,29.97002997,290880,,0.000850581,0.129385742,0.026051402
G116.mp4,3358853,29.97002997,290880,,0.000943137,0.129385742,0.026051402
G117.mp4,2200691,29.97002997,290880,,0.0005552,0.129385742,0.026051402
G118.mp4,3985286,29.97002997,290880,,0.001152966,0.129385742,0.026051402
G119.mp4,1929960,29.97002997,290880,,0.000464516,0.129385742,0.026051402
M001.mp4,759733,30,181760,,7.25384E-05,0.129675046,0.012772586
O002.mp4,648200,25.29880478,172800,,3.51794E-05,0.084293836,0.011682243
Q001.mp4,771281,30.02001334,76800,,7.64065E-05,0.129868238,0
1Runner_1_p1_2160_30fps_a.yuv,2985984000,30,8294400,,1,0.129675046,1
1Runner_1_p1_2160_30fps_c.yuv,2985984000,30,8294400,,1,0.129675046,1
1Runner_1_p1_2160_30fps_d.yuv,2985984000,30,8294400,,1,0.129675046,1
1Runner_1_p1_2160_30fps_f.yuv,2985984000,30,8294400,,1,0.129675046,1
1Runner_1_p1_2160_30fps_i.yuv,2985984000,30,8294400,,1,0.129675046,1
1Runner_1_p1_2160_30fps_j.yuv,2985984000,30,8294400,,1,0.129675046,1
1Runner_1_p1_2160_30fps_o.yuv,2985984000,30,8294400,,1,0.129675046,1
1Runner_1_p2_2160_30fps_a.yuv,2985984000,30,8294400,,1,0.129675046,1
1Runner_1_p2_2160_30fps_c.yuv,2985984000,30,8294400,,1,0.129675046,1
1Runner_1_p2_2160_30fps_d.yuv,2985984000,30,8294400,,1,0.129675046,1
1Runner_1_p2_2160_30fps_f.yuv,2985984000,30,8294400,,1,0.129675046,1
1Runner_1_p2_2160_30fps_i.yuv,2985984000,30,8294400,,1,0.129675046,1
1Runner_1_p2_2160_30fps_j.yuv,2985984000,30,8294400,,1,0.129675046,1
1Runner_1_p2_2160_30fps_o.yuv,2985984000,30,8294400,,1,0.129675046,1
1Runner__2160_30fps_a.yuv,2985984000,30,8294400,,1,0.129675046,1
1Runner__2160_30fps_c.yuv,2985984000,30,8294400,,1,0.129675046,1
1Runner__2160_30fps_d.yuv,2985984000,30,8294400,,1,0.129675046,1
1Runner__2160_30fps_f.yuv,2985984000,30,8294400,,1,0.129675046,1
1Runner__2160_30fps_i.yuv,2985984000,30,8294400,,1,0.129675046,1
1Runner__2160_30fps_j.yuv,2985984000,30,8294400,,1,0.129675046,1
1Runner__2160_30fps_o.yuv,2985984000,30,8294400,,1,0.129675046,1
2Runners__2160_30fps_a.yuv,2985984000,30,8294400,,1,0.129675046,1
2Runners__2160_30fps_c.yuv,2985984000,30,8294400,,1,0.129675046,1
2Runners__2160_30fps_d.yuv,2985984000,30,8294400,,1,0.129675046,1
2Runners__2160_30fps_f.yuv,2985984000,30,8294400,,1,0.129675046,1
2Runners__2160_30fps_i.yuv,2985984000,30,8294400,,1,0.129675046,1
2Runners__2160_30fps_j.yuv,2985984000,30,8294400,,1,0.129675046,1
2Runners__2160_30fps_o.yuv,2985984000,30,8294400,,1,0.129675046,1
3Runners_male__2160_30fps_a.yuv,2985984000,30,8294400,,1,0.129675046,1
3Runners_male__2160_30fps_c.yuv,2985984000,30,8294400,,1,0.129675046,1
3Runners_male__2160_30fps_d.yuv,2985984000,30,8294400,,1,0.129675046,1
3Runners_male__2160_30fps_f.yuv,2985984000,30,8294400,,1,0.129675046,1
3Runners_male__2160_30fps_i.yuv,2985984000,30,8294400,,1,0.129675046,1
3Runners_male__2160_30fps_j.yuv,2985984000,30,8294400,,1,0.129675046,1
3Runners_male__2160_30fps_o.yuv,2985984000,30,8294400,,1,0.129675046,1
bbpointp1_1080_25fps_a.yuv,2488320000,25,8294400,,0.83330301,0.081409437,1
bbpointp1_1080_25fps_c.yuv,2488320000,25,8294400,,0.83330301,0.081409437,1
bbpointp1_1080_25fps_d.yuv,2488320000,25,8294400,,0.83330301,0.081409437,1
bbpointp1_1080_25fps_f.yuv,2488320000,25,8294400,,0.83330301,0.081409437,1
bbpointp1_1080_25fps_i.yuv,2488320000,25,8294400,,0.83330301,0.081409437,1
bbpointp1_1080_25fps_j.yuv,2488320000,25,8294400,,0.83330301,0.081409437,1
bbpointp1_1080_25fps_o.yuv,2488320000,25,8294400,,0.83330301,0.081409437,1
bbpointp2_1080_25fps_a.yuv,2488320000,25,8294400,,0.83330301,0.081409437,1
bbpointp2_1080_25fps_c.yuv,2488320000,25,8294400,,0.83330301,0.081409437,1
bbpointp2_1080_25fps_d.yuv,2488320000,25,8294400,,0.83330301,0.081409437,1
bbpointp2_1080_25fps_f.yuv,2488320000,25,8294400,,0.83330301,0.081409437,1
bbpointp2_1080_25fps_i.yuv,2488320000,25,8294400,,0.83330301,0.081409437,1
bbpointp2_1080_25fps_j.yuv,2488320000,25,8294400,,0.83330301,0.081409437,1
bbpointp2_1080_25fps_o.yuv,2488320000,25,8294400,,0.83330301,0.081409437,1
crowdgreenp1_1080_25fps_a.yuv,2488320000,25,8294400,,0.83330301,0.081409437,1
crowdgreenp1_1080_25fps_c.yuv,2488320000,25,8294400,,0.83330301,0.081409437,1
crowdgreenp1_1080_25fps_d.yuv,2488320000,25,8294400,,0.83330301,0.081409437,1
crowdgreenp1_1080_25fps_f.yuv,2488320000,25,8294400,,0.83330301,0.081409437,1
crowdgreenp1_1080_25fps_i.yuv,2488320000,25,8294400,,0.83330301,0.081409437,1
crowdgreenp1_1080_25fps_j.yuv,2488320000,25,8294400,,0.83330301,0.081409437,1
crowdgreenp1_1080_25fps_o.yuv,2488320000,25,8294400,,0.83330301,0.081409437,1
crowdgreenp2_1080_25fps_a.yuv,2488320000,25,8294400,,0.83330301,0.081409437,1
crowdgreenp2_1080_25fps_c.yuv,2488320000,25,8294400,,0.83330301,0.081409437,1
crowdgreenp2_1080_25fps_d.yuv,2488320000,25,8294400,,0.83330301,0.081409437,1
crowdgreenp2_1080_25fps_f.yuv,2488320000,25,8294400,,0.83330301,0.081409437,1
crowdgreenp2_1080_25fps_i.yuv,2488320000,25,8294400,,0.83330301,0.081409437,1
crowdgreenp2_1080_25fps_j.yuv,2488320000,25,8294400,,0.83330301,0.081409437,1
crowdgreenp2_1080_25fps_o.yuv,2488320000,25,8294400,,0.83330301,0.081409437,1
csrc11_1080_30fps_a.yuv,2985984000,30,8294400,,1,0.129675046,1
csrc11_1080_30fps_c.yuv,2985984000,30,8294400,,1,0.129675046,1
csrc11_1080_30fps_d.yuv,2985984000,30,8294400,,1,0.129675046,1
csrc11_1080_30fps_f.yuv,2985984000,30,8294400,,1,0.129675046,1
csrc11_1080_30fps_i.yuv,2985984000,30,8294400,,1,0.129675046,1
csrc11_1080_30fps_j.yuv,2985984000,30,8294400,,1,0.129675046,1
csrc11_1080_30fps_o.yuv,2985984000,30,8294400,,1,0.129675046,1
Discus_1__2160_30fps_a.yuv,2985984000,30,8294400,,1,0.129675046,1
Discus_1__2160_30fps_c.yuv,2985984000,30,8294400,,1,0.129675046,1
Discus_1__2160_30fps_d.yuv,2985984000,30,8294400,,1,0.129675046,1
Discus_1__2160_30fps_f.yuv,2985984000,30,8294400,,1,0.129675046,1
Discus_1__2160_30fps_i.yuv,2985984000,30,8294400,,1,0.129675046,1
Discus_1__2160_30fps_j.yuv,2985984000,30,8294400,,1,0.129675046,1
Discus_1__2160_30fps_o.yuv,2985984000,30,8294400,,1,0.129675046,1
Discus_male__2160_30fps_a.yuv,2985984000,30,8294400,,1,0.129675046,1
Discus_male__2160_30fps_c.yuv,2985984000,30,8294400,,1,0.129675046,1
Discus_male__2160_30fps_d.yuv,2985984000,30,8294400,,1,0.129675046,1
Discus_male__2160_30fps_f.yuv,2985984000,30,8294400,,1,0.129675046,1
Discus_male__2160_30fps_i.yuv,2985984000,30,8294400,,1,0.129675046,1
Discus_male__2160_30fps_j.yuv,2985984000,30,8294400,,1,0.129675046,1
Discus_male__2160_30fps_o.yuv,2985984000,30,8294400,,1,0.129675046,1
Flips_2__2160_30fps_a.yuv,2985984000,30,8294400,,1,0.129675046,1
Flips_2__2160_30fps_c.yuv,2985984000,30,8294400,,1,0.129675046,1
Flips_2__2160_30fps_d.yuv,2985984000,30,8294400,,1,0.129675046,1
Flips_2__2160_30fps_f.yuv,2985984000,30,8294400,,1,0.129675046,1
Flips_2__2160_30fps_i.yuv,2985984000,30,8294400,,1,0.129675046,1
Flips_2__2160_30fps_j.yuv,2985984000,30,8294400,,1,0.129675046,1
Flips_2__2160_30fps_o.yuv,2985984000,30,8294400,,1,0.129675046,1
Football_2160_30fps_a.yuv,2985984000,30,8294400,,1,0.129675046,1
Football_2160_30fps_c.yuv,2985984000,30,8294400,,1,0.129675046,1
Football_2160_30fps_d.yuv,2985984000,30,8294400,,1,0.129675046,1
Football_2160_30fps_f.yuv,2985984000,30,8294400,,1,0.129675046,1
Football_2160_30fps_i.yuv,2985984000,30,8294400,,1,0.129675046,1
Football_2160_30fps_j.yuv,2985984000,30,8294400,,1,0.129675046,1
Football_2160_30fps_o.yuv,2985984000,30,8294400,,1,0.129675046,1
Hammer__2160_30fps_a.yuv,2985984000,30,8294400,,1,0.129675046,1
Hammer__2160_30fps_c.yuv,2985984000,30,8294400,,1,0.129675046,1
Hammer__2160_30fps_d.yuv,2985984000,30,8294400,,1,0.129675046,1
Hammer__2160_30fps_f.yuv,2985984000,30,8294400,,1,0.129675046,1
Hammer__2160_30fps_i.yuv,2985984000,30,8294400,,1,0.129675046,1
Hammer__2160_30fps_j.yuv,2985984000,30,8294400,,1,0.129675046,1
Hammer__2160_30fps_o.yuv,2985984000,30,8294400,,1,0.129675046,1
Hurdles_2__2160_30fps_a.yuv,2985984000,30,8294400,,1,0.129675046,1
Hurdles_2__2160_30fps_c.yuv,2985984000,30,8294400,,1,0.129675046,1
Hurdles_2__2160_30fps_d.yuv,2985984000,30,8294400,,1,0.129675046,1
Hurdles_2__2160_30fps_f.yuv,2985984000,30,8294400,,1,0.129675046,1
Hurdles_2__2160_30fps_i.yuv,2985984000,30,8294400,,1,0.129675046,1
Hurdles_2__2160_30fps_j.yuv,2985984000,30,8294400,,1,0.129675046,1
Hurdles_2__2160_30fps_o.yuv,2985984000,30,8294400,,1,0.129675046,1
Hurdles__2160_30fps_a.yuv,2985984000,30,8294400,,1,0.129675046,1
Hurdles__2160_30fps_c.yuv,2985984000,30,8294400,,1,0.129675046,1
Hurdles__2160_30fps_d.yuv,2985984000,30,8294400,,1,0.129675046,1
Hurdles__2160_30fps_f.yuv,2985984000,30,8294400,,1,0.129675046,1
Hurdles__2160_30fps_i.yuv,2985984000,30,8294400,,1,0.129675046,1
Hurdles__2160_30fps_j.yuv,2985984000,30,8294400,,1,0.129675046,1
Hurdles__2160_30fps_o.yuv,2985984000,30,8294400,,1,0.129675046,1
Jockey_2160_30fps_a.yuv,2985984000,30,8294400,,1,0.129675046,1
Jockey_2160_30fps_c.yuv,2985984000,30,8294400,,1,0.129675046,1
Jockey_2160_30fps_d.yuv,2985984000,30,8294400,,1,0.129675046,1
Jockey_2160_30fps_f.yuv,2985984000,30,8294400,,1,0.129675046,1
Jockey_2160_30fps_i.yuv,2985984000,30,8294400,,1,0.129675046,1
Jockey_2160_30fps_j.yuv,2985984000,30,8294400,,1,0.129675046,1
Jockey_2160_30fps_o.yuv,2985984000,30,8294400,,1,0.129675046,1
JumpRope__2160_30fps_a.yuv,2985984000,30,8294400,,1,0.129675046,1
JumpRope__2160_30fps_c.yuv,2985984000,30,8294400,,1,0.129675046,1
JumpRope__2160_30fps_d.yuv,2985984000,30,8294400,,1,0.129675046,1
JumpRope__2160_30fps_f.yuv,2985984000,30,8294400,,1,0.129675046,1
JumpRope__2160_30fps_i.yuv,2985984000,30,8294400,,1,0.129675046,1
JumpRope__2160_30fps_j.yuv,2985984000,30,8294400,,1,0.129675046,1
JumpRope__2160_30fps_o.yuv,2985984000,30,8294400,,1,0.129675046,1
JumpRope_2__2160_30fps_a.yuv,2985984000,30,8294400,,1,0.129675046,1
JumpRope_2__2160_30fps_c.yuv,2985984000,30,8294400,,1,0.129675046,1
JumpRope_2__2160_30fps_d.yuv,2985984000,30,8294400,,1,0.129675046,1
JumpRope_2__2160_30fps_f.yuv,2985984000,30,8294400,,1,0.129675046,1
JumpRope_2__2160_30fps_i.yuv,2985984000,30,8294400,,1,0.129675046,1
JumpRope_2__2160_30fps_j.yuv,2985984000,30,8294400,,1,0.129675046,1
JumpRope_2__2160_30fps_o.yuv,2985984000,30,8294400,,1,0.129675046,1
KickoffNarrowp1_1080_30fps_a.yuv,2985984000,30,8294400,,1,0.129675046,1
KickoffNarrowp1_1080_30fps_c.yuv,2985984000,30,8294400,,1,0.129675046,1
KickoffNarrowp1_1080_30fps_d.yuv,2985984000,30,8294400,,1,0.129675046,1
KickoffNarrowp1_1080_30fps_f.yuv,2985984000,30,8294400,,1,0.129675046,1
KickoffNarrowp1_1080_30fps_i.yuv,2985984000,30,8294400,,1,0.129675046,1
KickoffNarrowp1_1080_30fps_j.yuv,2985984000,30,8294400,,1,0.129675046,1
KickoffNarrowp1_1080_30fps_o.yuv,2985984000,30,8294400,,1,0.129675046,1
KickoffNarrowp2_1080_30fps_a.yuv,2985984000,30,8294400,,1,0.129675046,1
KickoffNarrowp2_1080_30fps_c.yuv,2985984000,30,8294400,,1,0.129675046,1
KickoffNarrowp2_1080_30fps_d.yuv,2985984000,30,8294400,,1,0.129675046,1
KickoffNarrowp2_1080_30fps_f.yuv,2985984000,30,8294400,,1,0.129675046,1
KickoffNarrowp2_1080_30fps_i.yuv,2985984000,30,8294400,,1,0.129675046,1
KickoffNarrowp2_1080_30fps_j.yuv,2985984000,30,8294400,,1,0.129675046,1
KickoffNarrowp2_1080_30fps_o.yuv,2985984000,30,8294400,,1,0.129675046,1
Kickoffp1_1080_30fps_a.yuv,2985984000,30,8294400,,1,0.129675046,1
Kickoffp1_1080_30fps_c.yuv,2985984000,30,8294400,,1,0.129675046,1
Kickoffp1_1080_30fps_d.yuv,2985984000,30,8294400,,1,0.129675046,1
Kickoffp1_1080_30fps_f.yuv,2985984000,30,8294400,,1,0.129675046,1
Kickoffp1_1080_30fps_i.yuv,2985984000,30,8294400,,1,0.129675046,1
Kickoffp1_1080_30fps_j.yuv,2985984000,30,8294400,,1,0.129675046,1
Kickoffp1_1080_30fps_o.yuv,2985984000,30,8294400,,1,0.129675046,1
Kickoffp2_1080_30fps_a.yuv,2985984000,30,8294400,,1,0.129675046,1
Kickoffp2_1080_30fps_c.yuv,2985984000,30,8294400,,1,0.129675046,1
Kickoffp2_1080_30fps_d.yuv,2985984000,30,8294400,,1,0.129675046,1
Kickoffp2_1080_30fps_f.yuv,2985984000,30,8294400,,1,0.129675046,1
Kickoffp2_1080_30fps_i.yuv,2985984000,30,8294400,,1,0.129675046,1
Kickoffp2_1080_30fps_j.yuv,2985984000,30,8294400,,1,0.129675046,1
Kickoffp2_1080_30fps_o.yuv,2985984000,30,8294400,,1,0.129675046,1
LongJump1p2__2160_30fps_a.yuv,2985984000,30,8294400,,1,0.129675046,1
LongJump1p2__2160_30fps_c.yuv,2985984000,30,8294400,,1,0.129675046,1
LongJump1p2__2160_30fps_d.yuv,2985984000,30,8294400,,1,0.129675046,1
LongJump1p2__2160_30fps_f.yuv,2985984000,30,8294400,,1,0.129675046,1
LongJump1p2__2160_30fps_i.yuv,2985984000,30,8294400,,1,0.129675046,1
LongJump1p2__2160_30fps_j.yuv,2985984000,30,8294400,,1,0.129675046,1
LongJump1p2__2160_30fps_o.yuv,2985984000,30,8294400,,1,0.129675046,1
LongJump1__2160_30fps_a.yuv,2985984000,30,8294400,,1,0.129675046,1
LongJump1__2160_30fps_c.yuv,2985984000,30,8294400,,1,0.129675046,1
LongJump1__2160_30fps_d.yuv,2985984000,30,8294400,,1,0.129675046,1
LongJump1__2160_30fps_f.yuv,2985984000,30,8294400,,1,0.129675046,1
LongJump1__2160_30fps_i.yuv,2985984000,30,8294400,,1,0.129675046,1
LongJump1__2160_30fps_j.yuv,2985984000,30,8294400,,1,0.129675046,1
LongJump1__2160_30fps_o.yuv,2985984000,30,8294400,,1,0.129675046,1
LongJump2p2__2160_30fps_a.yuv,2985984000,30,8294400,,1,0.129675046,1
LongJump2p2__2160_30fps_c.yuv,2985984000,30,8294400,,1,0.129675046,1
LongJump2p2__2160_30fps_d.yuv,2985984000,30,8294400,,1,0.129675046,1
LongJump2p2__2160_30fps_f.yuv,2985984000,30,8294400,,1,0.129675046,1
LongJump2p2__2160_30fps_i.yuv,2985984000,30,8294400,,1,0.129675046,1
LongJump2p2__2160_30fps_j.yuv,2985984000,30,8294400,,1,0.129675046,1
LongJump2p2__2160_30fps_o.yuv,2985984000,30,8294400,,1,0.129675046,1
LongJump2__2160_30fps_a.yuv,2985984000,30,8294400,,1,0.129675046,1
LongJump2__2160_30fps_c.yuv,2985984000,30,8294400,,1,0.129675046,1
LongJump2__2160_30fps_d.yuv,2985984000,30,8294400,,1,0.129675046,1
LongJump2__2160_30fps_f.yuv,2985984000,30,8294400,,1,0.129675046,1
LongJump2__2160_30fps_i.yuv,2985984000,30,8294400,,1,0.129675046,1
LongJump2__2160_30fps_j.yuv,2985984000,30,8294400,,1,0.129675046,1
LongJump2__2160_30fps_o.yuv,2985984000,30,8294400,,1,0.129675046,1
LongJump3p1__2160_30fps_a.yuv,2985984000,30,8294400,,1,0.129675046,1
LongJump3p1__2160_30fps_c.yuv,2985984000,30,8294400,,1,0.129675046,1
LongJump3p1__2160_30fps_d.yuv,2985984000,30,8294400,,1,0.129675046,1
LongJump3p1__2160_30fps_f.yuv,2985984000,30,8294400,,1,0.129675046,1
LongJump3p1__2160_30fps_i.yuv,2985984000,30,8294400,,1,0.129675046,1
LongJump3p1__2160_30fps_j.yuv,2985984000,30,8294400,,1,0.129675046,1
LongJump3p1__2160_30fps_o.yuv,2985984000,30,8294400,,1,0.129675046,1
LongJump3p2__2160_30fps_a.yuv,2985984000,30,8294400,,1,0.129675046,1
LongJump3p2__2160_30fps_c.yuv,2985984000,30,8294400,,1,0.129675046,1
LongJump3p2__2160_30fps_d.yuv,2985984000,30,8294400,,1,0.129675046,1
LongJump3p2__2160_30fps_f.yuv,2985984000,30,8294400,,1,0.129675046,1
LongJump3p2__2160_30fps_i.yuv,2985984000,30,8294400,,1,0.129675046,1
LongJump3p2__2160_30fps_j.yuv,2985984000,30,8294400,,1,0.129675046,1
LongJump3p2__2160_30fps_o.yuv,2985984000,30,8294400,,1,0.129675046,1
MCML03basketball_2160_30fps_a.yuv,2985984000,30,8294400,,1,0.129675046,1
MCML03basketball_2160_30fps_c.yuv,2985984000,30,8294400,,1,0.129675046,1
MCML03basketball_2160_30fps_d.yuv,2985984000,30,8294400,,1,0.129675046,1
MCML03basketball_2160_30fps_f.yuv,2985984000,30,8294400,,1,0.129675046,1
MCML03basketball_2160_30fps_i.yuv,2985984000,30,8294400,,1,0.129675046,1
MCML03basketball_2160_30fps_j.yuv,2985984000,30,8294400,,1,0.129675046,1
MCML03basketball_2160_30fps_o.yuv,2985984000,30,8294400,,1,0.129675046,1
netflixcrowdrun_1080_25fps_a.yuv,2488320000,25,8294400,,0.83330301,0.081409437,1
netflixcrowdrun_1080_25fps_c.yuv,2488320000,25,8294400,,0.83330301,0.081409437,1
netflixcrowdrun_1080_25fps_d.yuv,2488320000,25,8294400,,0.83330301,0.081409437,1
netflixcrowdrun_1080_25fps_f.yuv,2488320000,25,8294400,,0.83330301,0.081409437,1
netflixcrowdrun_1080_25fps_i.yuv,2488320000,25,8294400,,0.83330301,0.081409437,1
netflixcrowdrun_1080_25fps_j.yuv,2488320000,25,8294400,,0.83330301,0.081409437,1
netflixcrowdrun_1080_25fps_o.yuv,2488320000,25,8294400,,0.83330301,0.081409437,1
ntbasketballp1_1080_25fps_a.yuv,2488320000,25,8294400,,0.83330301,0.081409437,1
ntbasketballp1_1080_25fps_c.yuv,2488320000,25,8294400,,0.83330301,0.081409437,1
ntbasketballp1_1080_25fps_d.yuv,2488320000,25,8294400,,0.83330301,0.081409437,1
ntbasketballp1_1080_25fps_f.yuv,2488320000,25,8294400,,0.83330301,0.081409437,1
ntbasketballp1_1080_25fps_i.yuv,2488320000,25,8294400,,0.83330301,0.081409437,1
ntbasketballp1_1080_25fps_j.yuv,2488320000,25,8294400,,0.83330301,0.081409437,1
ntbasketballp1_1080_25fps_o.yuv,2488320000,25,8294400,,0.83330301,0.081409437,1
ntbasketballp2_1080_25fps_a.yuv,2488320000,25,8294400,,0.83330301,0.081409437,1
ntbasketballp2_1080_25fps_c.yuv,2488320000,25,8294400,,0.83330301,0.081409437,1
ntbasketballp2_1080_25fps_d.yuv,2488320000,25,8294400,,0.83330301,0.081409437,1
ntbasketballp2_1080_25fps_f.yuv,2488320000,25,8294400,,0.83330301,0.081409437,1
ntbasketballp2_1080_25fps_i.yuv,2488320000,25,8294400,,0.83330301,0.081409437,1
ntbasketballp2_1080_25fps_j.yuv,2488320000,25,8294400,,0.83330301,0.081409437,1
ntbasketballp2_1080_25fps_o.yuv,2488320000,25,8294400,,0.83330301,0.081409437,1
QuarterBackSneakp1_1080_30fps_a.yuv,2985984000,30,8294400,,1,0.129675046,1
QuarterBackSneakp1_1080_30fps_c.yuv,2985984000,30,8294400,,1,0.129675046,1
QuarterBackSneakp1_1080_30fps_d.yuv,2985984000,30,8294400,,1,0.129675046,1
QuarterBackSneakp1_1080_30fps_f.yuv,2985984000,30,8294400,,1,0.129675046,1
QuarterBackSneakp1_1080_30fps_i.yuv,2985984000,30,8294400,,1,0.129675046,1
QuarterBackSneakp1_1080_30fps_j.yuv,2985984000,30,8294400,,1,0.129675046,1
QuarterBackSneakp1_1080_30fps_o.yuv,2985984000,30,8294400,,1,0.129675046,1
QuarterBackSneakp2_1080_30fps_a.yuv,2985984000,30,8294400,,1,0.129675046,1
QuarterBackSneakp2_1080_30fps_c.yuv,2985984000,30,8294400,,1,0.129675046,1
QuarterBackSneakp2_1080_30fps_d.yuv,2985984000,30,8294400,,1,0.129675046,1
QuarterBackSneakp2_1080_30fps_f.yuv,2985984000,30,8294400,,1,0.129675046,1
QuarterBackSneakp2_1080_30fps_i.yuv,2985984000,30,8294400,,1,0.129675046,1
QuarterBackSneakp2_1080_30fps_j.yuv,2985984000,30,8294400,,1,0.129675046,1
QuarterBackSneakp2_1080_30fps_o.yuv,2985984000,30,8294400,,1,0.129675046,1
Runners_2160_30fps_a.yuv,2985984000,30,8294400,,1,0.129675046,1
Runners_2160_30fps_c.yuv,2985984000,30,8294400,,1,0.129675046,1
Runners_2160_30fps_d.yuv,2985984000,30,8294400,,1,0.129675046,1
Runners_2160_30fps_f.yuv,2985984000,30,8294400,,1,0.129675046,1
Runners_2160_30fps_i.yuv,2985984000,30,8294400,,1,0.129675046,1
Runners_2160_30fps_j.yuv,2985984000,30,8294400,,1,0.129675046,1
Runners_2160_30fps_o.yuv,2985984000,30,8294400,,1,0.129675046,1
skateboarding_1080_30fps_a.yuv,2985984000,30,8294400,,1,0.129675046,1
skateboarding_1080_30fps_c.yuv,2985984000,30,8294400,,1,0.129675046,1
skateboarding_1080_30fps_d.yuv,2985984000,30,8294400,,1,0.129675046,1
skateboarding_1080_30fps_f.yuv,2985984000,30,8294400,,1,0.129675046,1
skateboarding_1080_30fps_i.yuv,2985984000,30,8294400,,1,0.129675046,1
skateboarding_1080_30fps_j.yuv,2985984000,30,8294400,,1,0.129675046,1
skateboarding_1080_30fps_o.yuv,2985984000,30,8294400,,1,0.129675046,1
Soccer_1080_30fps_a.yuv,2985984000,30,8294400,,1,0.129675046,1
Soccer_1080_30fps_c.yuv,2985984000,30,8294400,,1,0.129675046,1
Soccer_1080_30fps_d.yuv,2985984000,30,8294400,,1,0.129675046,1
Soccer_1080_30fps_f.yuv,2985984000,30,8294400,,1,0.129675046,1
Soccer_1080_30fps_i.yuv,2985984000,30,8294400,,1,0.129675046,1
Soccer_1080_30fps_j.yuv,2985984000,30,8294400,,1,0.129675046,1
Soccer_1080_30fps_o.yuv,2985984000,30,8294400,,1,0.129675046,1
src05_1080_30fps_a.yuv,2985984000,30,8294400,,1,0.129675046,1
src05_1080_30fps_c.yuv,2985984000,30,8294400,,1,0.129675046,1
src05_1080_30fps_d.yuv,2985984000,30,8294400,,1,0.129675046,1
src05_1080_30fps_f.yuv,2985984000,30,8294400,,1,0.129675046,1
src05_1080_30fps_i.yuv,2985984000,30,8294400,,1,0.129675046,1
src05_1080_30fps_j.yuv,2985984000,30,8294400,,1,0.129675046,1
src05_1080_30fps_o.yuv,2985984000,30,8294400,,1,0.129675046,1
src09_1080_30fps_a.yuv,2985984000,30,8294400,,1,0.129675046,1
src09_1080_30fps_c.yuv,2985984000,30,8294400,,1,0.129675046,1
src09_1080_30fps_d.yuv,2985984000,30,8294400,,1,0.129675046,1
src09_1080_30fps_f.yuv,2985984000,30,8294400,,1,0.129675046,1
src09_1080_30fps_i.yuv,2985984000,30,8294400,,1,0.129675046,1
src09_1080_30fps_j.yuv,2985984000,30,8294400,,1,0.129675046,1
src09_1080_30fps_o.yuv,2985984000,30,8294400,,1,0.129675046,1
TouchdownDayp1_1080_30fps_a.yuv,2985984000,30,8294400,,1,0.129675046,1
TouchdownDayp1_1080_30fps_c.yuv,2985984000,30,8294400,,1,0.129675046,1
TouchdownDayp1_1080_30fps_d.yuv,2985984000,30,8294400,,1,0.129675046,1
TouchdownDayp1_1080_30fps_f.yuv,2985984000,30,8294400,,1,0.129675046,1
TouchdownDayp1_1080_30fps_i.yuv,2985984000,30,8294400,,1,0.129675046,1
TouchdownDayp1_1080_30fps_j.yuv,2985984000,30,8294400,,1,0.129675046,1
TouchdownDayp1_1080_30fps_o.yuv,2985984000,30,8294400,,1,0.129675046,1
TouchdownDayp2_1080_30fps_a.yuv,2985984000,30,8294400,,1,0.129675046,1
TouchdownDayp2_1080_30fps_c.yuv,2985984000,30,8294400,,1,0.129675046,1
TouchdownDayp2_1080_30fps_d.yuv,2985984000,30,8294400,,1,0.129675046,1
TouchdownDayp2_1080_30fps_f.yuv,2985984000,30,8294400,,1,0.129675046,1
TouchdownDayp2_1080_30fps_i.yuv,2985984000,30,8294400,,1,0.129675046,1
TouchdownDayp2_1080_30fps_j.yuv,2985984000,30,8294400,,1,0.129675046,1
TouchdownDayp2_1080_30fps_o.yuv,2985984000,30,8294400,,1,0.129675046,1
TouchdownPassp1_1080_30fps_a.yuv,2985984000,30,8294400,,1,0.129675046,1
TouchdownPassp1_1080_30fps_c.yuv,2985984000,30,8294400,,1,0.129675046,1
TouchdownPassp1_1080_30fps_d.yuv,2985984000,30,8294400,,1,0.129675046,1
TouchdownPassp1_1080_30fps_f.yuv,2985984000,30,8294400,,1,0.129675046,1
TouchdownPassp1_1080_30fps_i.yuv,2985984000,30,8294400,,1,0.129675046,1
TouchdownPassp1_1080_30fps_j.yuv,2985984000,30,8294400,,1,0.129675046,1
TouchdownPassp1_1080_30fps_o.yuv,2985984000,30,8294400,,1,0.129675046,1
TouchdownPassp2_1080_30fps_a.yuv,2985984000,30,8294400,,1,0.129675046,1
TouchdownPassp2_1080_30fps_c.yuv,2985984000,30,8294400,,1,0.129675046,1
TouchdownPassp2_1080_30fps_d.yuv,2985984000,30,8294400,,1,0.129675046,1
TouchdownPassp2_1080_30fps_f.yuv,2985984000,30,8294400,,1,0.129675046,1
TouchdownPassp2_1080_30fps_i.yuv,2985984000,30,8294400,,1,0.129675046,1
TouchdownPassp2_1080_30fps_j.yuv,2985984000,30,8294400,,1,0.129675046,1
TouchdownPassp2_1080_30fps_o.yuv,2985984000,30,8294400,,1,0.129675046,1
,,,,,,,
max,2985984000,120.1599467,8294400,,,,
min,543174,16.56651723,76800,,,,
range,2985440826,103.5934295,8217600,,,,
,,,,,,,
max,2985984000,120.1599467,8294400,,,,
min,543174,16.56651723,76800,,,,
range,2985440826,103.5934295,8217600,,,,
